model,sequence_id,category,max_ambiguity_index,vision_g3_boundary_index,vision_g3_boundary_error,vision_g3_k_used,vision_g3_isomap_fallback,vision_g4_boundary_index,vision_g4_boundary_error,vision_g3g4_boundary_index,vision_g3g4_boundary_error,projector_g3_boundary_index,projector_g3_boundary_error,projector_g3_k_used,projector_g3_isomap_fallback,projector_g4_boundary_index,projector_g4_boundary_error,projector_g3g4_boundary_index,projector_g3g4_boundary_error,hidden_g3_boundary_index,hidden_g3_boundary_error,hidden_g3_k_used,hidden_g3_isomap_fallback,hidden_g4_boundary_index,hidden_g4_boundary_error,hidden_g3g4_boundary_index,hidden_g3g4_boundary_error
llava,NExTVideo_0089_3066966990,Compositional,7,6,1,4,False,9,2,6,1,6,1,4,False,9,2,6,1,6,1,4,False,9,2,6,1
llava,NExTVideo_0089_6868234420,Semantic,4,5,1,4,False,0,4,5,1,5,1,4,False,0,4,5,1,3,1,4,False,1,3,3,1
llava,NExTVideo_0090_5329653093,Semantic,5,1,4,4,False,1,4,1,4,3,2,4,False,9,4,1,4,3,2,4,False,3,2,3,2
llava,NExTVideo_0090_7001183247,Compositional,3,5,2,4,False,2,1,5,2,5,2,4,False,2,1,5,2,3,0,4,False,3,0,3,0
llava,NExTVideo_1009_4738042036,Semantic,5,2,3,4,False,2,3,2,3,2,3,4,False,2,3,2,3,2,3,4,False,4,1,2,3
llava,NExTVideo_1203_3339687949,Geometric,5,3,2,4,False,9,4,3,2,3,2,4,False,9,4,3,2,5,0,4,False,9,4,5,0
llava,NExTVideo_1203_3798468368,Semantic,4,5,1,4,False,5,1,5,1,5,1,4,False,5,1,5,1,4,0,4,False,0,4,4,0
llava,NExTVideo_1203_4039610385,Compositional,5,1,4,4,False,8,3,1,4,1,4,4,False,0,5,1,4,4,1,4,False,5,0,4,1
llava,NExTVideo_1009_5996570774,Geometric,5,6,1,4,False,5,0,5,0,7,2,4,False,5,0,7,2,8,3,4,False,9,4,2,3
llava,NExTVideo_1009_6118838509,Semantic,4,1,3,4,False,0,4,1,3,1,3,4,False,0,4,1,3,1,3,4,False,0,4,1,3
llava,NExTVideo_1009_6416652333,Semantic,5,5,0,4,False,0,5,5,0,5,0,4,False,0,5,4,1,2,3,4,False,0,5,2,3
llava,NExTVideo_1009_6420147083,Semantic,5,3,2,4,False,0,5,3,2,6,1,4,False,9,4,7,2,3,2,4,False,0,5,3,2
llava,NExTVideo_1009_6663748603,Semantic,4,6,2,4,False,2,2,6,2,2,2,4,False,2,2,2,2,6,2,4,False,9,5,6,2
llava,NExTVideo_1009_8612900766,Geometric,6,5,1,4,False,6,0,5,1,6,0,4,False,6,0,6,0,5,1,4,False,7,1,5,1
llava,NExTVideo_0101_3122394310,Geometric,6,5,1,4,False,6,0,5,1,5,1,4,False,6,0,5,1,6,0,4,False,6,0,6,0
llava,NExTVideo_0101_3404210548,Semantic,4,7,3,4,False,9,5,7,3,4,0,4,False,9,5,4,0,8,4,4,False,8,4,8,4
llava,NExTVideo_0101_4740074365,Geometric,5,4,1,4,False,9,4,4,1,5,0,4,False,9,4,5,0,5,0,4,False,9,4,5,0
llava,NExTVideo_1000_2594144360,Semantic,4,3,1,4,False,3,1,3,1,3,1,4,False,3,1,3,1,1,3,4,False,9,5,1,3
llava,NExTVideo_1000_2623063774,Semantic,4,2,2,4,False,0,4,2,2,6,2,4,False,0,4,6,2,7,3,4,False,9,5,7,3
llava,NExTVideo_1000_3273928480,Geometric,5,7,2,4,False,9,4,7,2,7,2,4,False,7,2,7,2,5,0,4,False,0,5,5,0
llava,NExTVideo_1000_3297776560,Geometric,6,3,3,4,False,0,6,3,3,5,1,4,False,0,6,5,1,2,4,4,False,1,5,2,4
llava,NExTVideo_1000_3298675598,Geometric,4,3,1,4,False,9,5,3,1,3,1,4,False,9,5,3,1,6,2,4,False,9,5,6,2
llava,NExTVideo_1000_3380344744,Semantic,5,7,2,4,False,9,4,6,1,6,1,4,False,8,3,6,1,6,1,4,False,9,4,6,1
llava,NExTVideo_1000_3388598772,Semantic,4,1,3,4,False,0,4,1,3,5,1,4,False,0,4,2,2,3,1,4,False,0,4,3,1
llava,NExTVideo_1000_3664990087,Geometric,4,4,0,4,False,0,4,4,0,4,0,4,False,4,0,4,0,8,4,4,False,0,4,8,4
llava,NExTVideo_1000_3669067230,Compositional,3,2,1,4,False,0,3,2,1,2,1,4,False,0,3,2,1,4,1,4,False,0,3,0,3
llava,NExTVideo_1000_3824469712,Geometric,6,7,1,4,False,0,6,1,5,4,2,4,False,0,6,1,5,6,0,4,False,0,6,6,0
llava,NExTVideo_1000_4116558765,Geometric,6,4,2,4,False,9,3,4,2,6,0,4,False,9,3,6,0,6,0,4,False,9,3,6,0
llava,NExTVideo_1000_4227464140,Semantic,4,6,2,4,False,9,5,6,2,6,2,4,False,9,5,6,2,5,1,4,False,9,5,5,1
llava,NExTVideo_1000_4405872555,Geometric,5,5,0,4,False,5,0,5,0,5,0,4,False,2,3,5,0,8,3,4,False,5,0,8,3
llava,NExTVideo_1000_4550392934,Semantic,5,1,4,4,False,1,4,1,4,1,4,4,False,1,4,1,4,2,3,4,False,1,4,1,4
llava,NExTVideo_1000_4638541063,Geometric,5,1,4,4,False,0,5,1,4,3,2,4,False,1,4,3,2,1,4,4,False,0,5,1,4
llava,NExTVideo_1001_3098102850,Geometric,5,2,3,4,False,0,5,2,3,2,3,4,False,1,4,2,3,5,0,4,False,5,0,5,0
llava,NExTVideo_1001_3249160519,Semantic,5,6,1,4,False,0,5,6,1,6,1,4,False,0,5,1,4,2,3,4,False,0,5,1,4
llava,NExTVideo_1101_2574374895,Semantic,5,8,3,4,False,8,3,8,3,7,2,4,False,8,3,7,2,7,2,4,False,9,4,7,2
llava,NExTVideo_1101_3483300439,Semantic,3,3,0,4,False,9,6,3,0,3,0,4,False,0,3,3,0,5,2,4,False,0,3,5,2
llava,NExTVideo_1101_3812429626,Compositional,4,6,2,4,False,9,5,6,2,6,2,4,False,9,5,6,2,6,2,4,False,6,2,6,2
llava,NExTVideo_1101_4542514917,Semantic,4,8,4,4,False,5,1,8,4,6,2,4,False,4,0,6,2,7,3,4,False,0,4,7,3
llava,NExTVideo_1103_2831643292,Geometric,4,6,2,4,False,8,4,6,2,6,2,4,False,9,5,6,2,7,3,4,False,7,3,7,3
llava,NExTVideo_1103_3441428429,Compositional,3,3,0,4,False,3,0,3,0,3,0,4,False,3,0,3,0,4,1,4,False,4,1,4,1
llava,NExTVideo_1103_3650010049,Geometric,4,7,3,4,False,0,4,7,3,2,2,4,False,0,4,2,2,7,3,4,False,2,2,4,0
llava,NExTVideo_1104_4760431362,Geometric,4,5,1,4,False,6,2,5,1,5,1,4,False,4,0,5,1,4,0,4,False,4,0,4,0
llava,NExTVideo_1104_4839268164,Semantic,4,5,1,4,False,7,3,7,3,7,3,4,False,7,3,7,3,6,2,4,False,9,5,6,2
llava,NExTVideo_1104_5508995205,Compositional,4,5,1,4,False,5,1,5,1,5,1,4,False,5,1,5,1,6,2,4,False,9,5,6,2
llava,NExTVideo_1105_2623764605,Geometric,3,4,1,4,False,2,1,4,1,3,0,4,False,2,1,4,1,4,1,4,False,4,1,4,1
llava,NExTVideo_1105_4375052499,Compositional,4,2,2,4,False,6,2,3,1,5,1,4,False,5,1,5,1,4,0,4,False,3,1,4,0
llava,NExTVideo_1105_6253141636,Geometric,4,3,1,4,False,1,3,3,1,1,3,4,False,3,1,1,3,1,3,4,False,1,3,1,3
llava,NExTVideo_1105_6709738709,Semantic,4,3,1,4,False,0,4,6,2,7,3,4,False,0,4,7,3,7,3,4,False,7,3,7,3
llava,NExTVideo_1106_2797596111,Compositional,4,8,4,4,False,9,5,8,4,8,4,4,False,9,5,8,4,8,4,4,False,9,5,8,4
llava,NExTVideo_1106_3459862895,Semantic,4,4,0,4,False,3,1,4,0,6,2,4,False,9,5,7,3,6,2,4,False,8,4,6,2
llava,NExTVideo_1106_4229009987,Semantic,3,8,5,4,False,9,6,8,5,8,5,4,False,9,6,8,5,5,2,4,False,9,6,6,3
llava,NExTVideo_1106_6016405951,Compositional,4,2,2,4,False,2,2,2,2,2,2,4,False,2,2,2,2,2,2,4,False,0,4,2,2
llava,NExTVideo_1106_7828681900,Geometric,4,5,1,4,False,7,3,5,1,5,1,4,False,6,2,5,1,8,4,4,False,9,5,8,4
llava,NExTVideo_0051_2400074985,Geometric,6,4,2,4,False,9,3,7,1,4,2,4,False,8,2,4,2,4,2,4,False,4,2,4,2
llava,NExTVideo_0051_3702633786,Geometric,5,5,0,4,False,5,0,5,0,5,0,4,False,9,4,5,0,8,3,4,False,9,4,8,3
llava,NExTVideo_0051_6783561967,Geometric,3,8,5,4,False,9,6,8,5,8,5,4,False,9,6,8,5,7,4,4,False,7,4,7,4
llava,NExTVideo_0051_8697708107,Geometric,5,7,2,4,False,7,2,7,2,8,3,4,False,0,5,8,3,7,2,4,False,8,3,8,3
llava,NExTVideo_0051_11585666326,Geometric,5,5,0,4,False,1,4,3,2,6,1,4,False,1,4,6,1,5,0,4,False,9,4,5,0
llava,NExTVideo_0052_5455648195,Semantic,4,1,3,4,False,0,4,1,3,1,3,4,False,0,4,1,3,1,3,4,False,1,3,1,3
llava,NExTVideo_0052_10041199716,Semantic,6,1,5,4,False,0,6,1,5,4,2,4,False,0,6,4,2,1,5,4,False,1,5,1,5
llava,NExTVideo_0053_3701610241,Semantic,5,3,2,4,False,0,5,3,2,4,1,4,False,0,5,4,1,3,2,4,False,0,5,3,2
llava,NExTVideo_0053_5599511471,Semantic,6,4,2,4,False,5,1,4,2,4,2,4,False,5,1,4,2,3,3,4,False,3,3,3,3
llava,NExTVideo_0054_2971876369,Compositional,4,2,2,4,False,1,3,2,2,1,3,4,False,1,3,1,3,3,1,4,False,3,1,3,1
llava,NExTVideo_0054_11276956514,Compositional,6,3,3,4,False,4,2,3,3,5,1,4,False,9,3,5,1,4,2,4,False,0,6,4,2
llava,NExTVideo_0055_3446247254,Semantic,5,3,2,4,False,3,2,3,2,3,2,4,False,3,2,3,2,3,2,4,False,3,2,3,2
llava,NExTVideo_0055_8727084602,Geometric,4,5,1,4,False,3,1,5,1,3,1,4,False,3,1,3,1,2,2,4,False,2,2,2,2
llava,NExTVideo_0056_3336398510,Semantic,3,7,4,4,False,7,4,7,4,7,4,4,False,7,4,7,4,7,4,4,False,7,4,7,4
llava,NExTVideo_0057_3381752581,Semantic,5,2,3,4,False,2,3,2,3,2,3,4,False,2,3,2,3,2,3,4,False,2,3,2,3
llava,NExTVideo_0057_7001078933,Semantic,6,6,0,4,False,9,3,6,0,1,5,4,False,9,3,1,5,3,3,4,False,9,3,3,3
llava,NExTVideo_0059_2400084970,Geometric,6,6,0,4,False,6,0,6,0,6,0,4,False,8,2,6,0,5,1,4,False,8,2,5,1
llava,NExTVideo_0060_5856167780,Semantic,5,2,3,4,False,0,5,2,3,2,3,4,False,0,5,2,3,8,3,4,False,9,4,8,3
llava,NExTVideo_0061_3530395394,Semantic,4,3,1,4,False,5,1,3,1,4,0,4,False,5,1,4,0,5,1,4,False,5,1,5,1
llava,NExTVideo_0000_5650793185,Semantic,4,2,2,4,False,0,4,5,1,8,4,4,False,0,4,8,4,3,1,4,False,0,4,3,1
llava,NExTVideo_0002_10192494165,Geometric,4,6,2,4,False,8,4,6,2,7,3,4,False,8,4,6,2,8,4,4,False,8,4,8,4
llava,NExTVideo_0003_5251212639,Geometric,4,3,1,4,False,3,1,3,1,3,1,4,False,0,4,3,1,8,4,4,False,8,4,8,4
llava,NExTVideo_0004_9525696229,Geometric,4,1,3,4,False,0,4,1,3,3,1,4,False,0,4,1,3,1,3,4,False,0,4,1,3
llava,NExTVideo_0004_11566980553,Geometric,4,5,1,4,False,6,2,5,1,5,1,4,False,6,2,6,2,7,3,4,False,9,5,7,3
llava,NExTVideo_0005_3250020598,Semantic,4,4,0,4,False,9,5,4,0,5,1,4,False,9,5,4,0,4,0,4,False,9,5,4,0
llava,NExTVideo_0006_2478396375,Geometric,4,2,2,4,False,8,4,8,4,2,2,4,False,9,5,2,2,7,3,4,False,0,4,7,3
llava,NExTVideo_0008_2744507539,Semantic,4,3,1,4,False,0,4,1,3,2,2,4,False,0,4,2,2,8,4,4,False,0,4,8,4
llava,NExTVideo_0008_6320611157,Semantic,4,5,1,4,False,7,3,5,1,5,1,4,False,0,4,5,1,5,1,4,False,8,4,5,1
llava,NExTVideo_0015_4609514164,Semantic,4,4,0,4,False,0,4,4,0,2,2,4,False,0,4,2,2,1,3,4,False,0,4,1,3
llava,NExTVideo_0020_2454242177,Semantic,4,5,1,4,False,9,5,5,1,5,1,4,False,9,5,5,1,5,1,4,False,9,5,5,1
llava,NExTVideo_0020_9209893989,Geometric,4,4,0,4,False,9,5,5,1,4,0,4,False,9,5,4,0,6,2,4,False,9,5,6,2
llava,NExTVideo_0028_3085751774,Semantic,4,1,3,4,False,1,3,1,3,2,2,4,False,1,3,1,3,3,1,4,False,1,3,1,3
llava,NExTVideo_0031_4006742735,Geometric,4,8,4,4,False,9,5,8,4,8,4,4,False,0,4,8,4,8,4,4,False,0,4,8,4
llava,NExTVideo_0031_4805511103,Semantic,4,4,0,4,False,4,0,4,0,4,0,4,False,0,4,4,0,4,0,4,False,0,4,4,0
llava,NExTVideo_0031_5516830700,Semantic,4,2,2,4,False,2,2,2,2,2,2,4,False,0,4,2,2,8,4,4,False,9,5,8,4
llava,NExTVideo_0033_2834146886,Geometric,4,2,2,4,False,0,4,2,2,2,2,4,False,0,4,2,2,2,2,4,False,0,4,2,2
llava,NExTVideo_0033_3105754589,Semantic,4,6,2,4,False,6,2,6,2,6,2,4,False,8,4,6,2,6,2,4,False,6,2,6,2
llava,NExTVideo_0034_5296671076,Semantic,4,6,2,4,False,9,5,6,2,6,2,4,False,6,2,6,2,8,4,4,False,9,5,8,4
llava,NExTVideo_0039_5351925965,Semantic,4,2,2,4,False,0,4,2,2,2,2,4,False,0,4,2,2,1,3,4,False,0,4,1,3
phi4,NExTVideo_0089_3066966990,Compositional,7,6,1,4,False,9,2,6,1,6,1,4,False,8,1,6,1,6,1,4,False,0,7,6,1
phi4,NExTVideo_0089_6868234420,Semantic,4,4,0,4,False,5,1,4,0,6,2,4,False,5,1,5,1,4,0,4,False,4,0,4,0
phi4,NExTVideo_0090_5329653093,Semantic,5,4,1,4,False,1,4,4,1,4,1,4,False,1,4,4,1,1,4,4,False,0,5,1,4
phi4,NExTVideo_0090_7001183247,Compositional,3,3,0,4,False,3,0,3,0,3,0,4,False,3,0,3,0,3,0,4,False,9,6,3,0
phi4,NExTVideo_1009_4738042036,Semantic,5,2,3,4,False,4,1,2,3,5,0,4,False,0,5,5,0,5,0,4,False,5,0,5,0
phi4,NExTVideo_1203_3339687949,Geometric,5,6,1,4,False,9,4,6,1,8,3,4,False,9,4,8,3,6,1,4,False,9,4,6,1
phi4,NExTVideo_1203_3798468368,Semantic,4,4,0,4,False,0,4,4,0,4,0,4,False,0,4,4,0,5,1,4,False,4,0,5,1
phi4,NExTVideo_1203_4039610385,Compositional,5,5,0,4,False,1,4,6,1,5,0,4,False,6,1,5,0,2,3,4,False,0,5,3,2
phi4,NExTVideo_1009_5996570774,Geometric,5,4,1,4,False,4,1,4,1,4,1,4,False,4,1,4,1,2,3,4,False,5,0,2,3
phi4,NExTVideo_1009_6118838509,Semantic,4,1,3,4,False,1,3,1,3,1,3,4,False,1,3,1,3,1,3,4,False,1,3,1,3
phi4,NExTVideo_1009_6416652333,Semantic,5,4,1,4,False,0,5,4,1,5,0,4,False,0,5,5,0,5,0,4,False,0,5,5,0
phi4,NExTVideo_1009_6420147083,Semantic,5,7,2,4,False,1,4,1,4,5,0,4,False,1,4,2,3,4,1,4,False,0,5,7,2
phi4,NExTVideo_1009_6663748603,Semantic,4,6,2,4,False,6,2,6,2,6,2,4,False,6,2,6,2,4,0,4,False,8,4,4,0
phi4,NExTVideo_1009_8612900766,Geometric,6,5,1,4,False,0,6,5,1,5,1,4,False,0,6,5,1,1,5,4,False,0,6,1,5
phi4,NExTVideo_0101_3122394310,Geometric,6,5,1,4,False,5,1,5,1,5,1,4,False,6,0,5,1,6,0,4,False,6,0,6,0
phi4,NExTVideo_0101_3404210548,Semantic,4,7,3,4,False,1,3,7,3,7,3,4,False,0,4,7,3,1,3,4,False,5,1,7,3
phi4,NExTVideo_0101_4740074365,Geometric,5,7,2,4,False,8,3,7,2,4,1,4,False,9,4,4,1,8,3,4,False,8,3,8,3
phi4,NExTVideo_1000_2594144360,Semantic,4,3,1,4,False,0,4,3,1,3,1,4,False,0,4,3,1,5,1,4,False,5,1,5,1
phi4,NExTVideo_1000_2623063774,Semantic,4,4,0,4,False,0,4,2,2,4,0,4,False,0,4,4,0,2,2,4,False,2,2,2,2
phi4,NExTVideo_1000_3273928480,Geometric,5,6,1,4,False,6,1,6,1,4,1,4,False,6,1,6,1,2,3,4,False,2,3,2,3
phi4,NExTVideo_1000_3297776560,Geometric,6,2,4,4,False,0,6,2,4,2,4,4,False,0,6,2,4,4,2,4,False,0,6,4,2
phi4,NExTVideo_1000_3298675598,Geometric,4,2,2,4,False,9,5,2,2,5,1,4,False,2,2,3,1,8,4,4,False,8,4,8,4
phi4,NExTVideo_1000_3380344744,Semantic,5,7,2,4,False,9,4,7,2,7,2,4,False,9,4,7,2,5,0,4,False,5,0,5,0
phi4,NExTVideo_1000_3388598772,Semantic,4,8,4,4,False,0,4,8,4,2,2,4,False,0,4,2,2,2,2,4,False,9,5,2,2
phi4,NExTVideo_1000_3664990087,Geometric,4,4,0,4,False,9,5,4,0,3,1,4,False,0,4,3,1,5,1,4,False,9,5,5,1
phi4,NExTVideo_1000_3669067230,Compositional,3,1,2,4,False,0,3,1,2,2,1,4,False,0,3,2,1,1,2,4,False,5,2,1,2
phi4,NExTVideo_1000_3824469712,Geometric,6,6,0,4,False,0,6,6,0,6,0,4,False,0,6,6,0,6,0,4,False,0,6,6,0
phi4,NExTVideo_1000_4116558765,Geometric,6,6,0,4,False,7,1,6,0,5,1,4,False,7,1,5,1,5,1,4,False,5,1,5,1
phi4,NExTVideo_1000_4227464140,Semantic,4,6,2,4,False,9,5,6,2,6,2,4,False,9,5,6,2,8,4,4,False,9,5,8,4
phi4,NExTVideo_1000_4405872555,Geometric,5,6,1,4,False,9,4,6,1,6,1,4,False,9,4,6,1,7,2,4,False,9,4,7,2
phi4,NExTVideo_1000_4550392934,Semantic,5,2,3,4,False,1,4,2,3,1,4,4,False,2,3,1,4,2,3,4,False,0,5,3,2
phi4,NExTVideo_1000_4638541063,Geometric,5,4,1,4,False,1,4,4,1,3,2,4,False,0,5,3,2,4,1,4,False,5,0,4,1
phi4,NExTVideo_1001_3098102850,Geometric,5,2,3,4,False,2,3,2,3,2,3,4,False,2,3,2,3,2,3,4,False,2,3,2,3
phi4,NExTVideo_1001_3249160519,Semantic,5,3,2,4,False,0,5,3,2,3,2,4,False,0,5,5,0,8,3,4,False,8,3,8,3
phi4,NExTVideo_1101_2574374895,Semantic,5,5,0,4,False,9,4,5,0,6,1,4,False,9,4,8,3,5,0,4,False,1,4,5,0
phi4,NExTVideo_1101_3483300439,Semantic,3,4,1,4,False,9,6,3,0,7,4,4,False,3,0,7,4,7,4,4,False,9,6,7,4
phi4,NExTVideo_1101_3812429626,Compositional,4,6,2,4,False,9,5,6,2,5,1,4,False,9,5,8,4,5,1,4,False,9,5,5,1
phi4,NExTVideo_1101_4542514917,Semantic,4,3,1,4,False,0,4,3,1,5,1,4,False,4,0,3,1,4,0,4,False,9,5,4,0
phi4,NExTVideo_1103_2831643292,Geometric,4,6,2,4,False,6,2,6,2,6,2,4,False,7,3,6,2,5,1,4,False,4,0,5,1
phi4,NExTVideo_1103_3441428429,Compositional,3,3,0,4,False,3,0,3,0,3,0,4,False,3,0,3,0,4,1,4,False,4,1,4,1
phi4,NExTVideo_1103_3650010049,Geometric,4,5,1,4,False,0,4,5,1,2,2,4,False,0,4,2,2,7,3,4,False,9,5,3,1
phi4,NExTVideo_1104_4760431362,Geometric,4,5,1,4,False,5,1,5,1,5,1,4,False,8,4,5,1,8,4,4,False,8,4,8,4
phi4,NExTVideo_1104_4839268164,Semantic,4,6,2,4,False,6,2,6,2,6,2,4,False,6,2,6,2,3,1,4,False,0,4,3,1
phi4,NExTVideo_1104_5508995205,Compositional,4,3,1,4,False,3,1,3,1,3,1,4,False,8,4,3,1,3,1,4,False,3,1,3,1
phi4,NExTVideo_1105_2623764605,Geometric,3,4,1,4,False,1,2,4,1,3,0,4,False,1,2,4,1,4,1,4,False,0,3,6,3
phi4,NExTVideo_1105_4375052499,Compositional,4,6,2,4,False,6,2,6,2,4,0,4,False,6,2,6,2,5,1,4,False,5,1,5,1
phi4,NExTVideo_1105_6253141636,Geometric,4,6,2,4,False,1,3,3,1,3,1,4,False,1,3,3,1,6,2,4,False,0,4,8,4
phi4,NExTVideo_1105_6709738709,Semantic,4,1,3,4,False,0,4,1,3,1,3,4,False,0,4,1,3,6,2,4,False,0,4,6,2
phi4,NExTVideo_1106_2797596111,Compositional,4,8,4,4,False,9,5,8,4,8,4,4,False,9,5,8,4,5,1,4,False,8,4,6,2
phi4,NExTVideo_1106_3459862895,Semantic,4,3,1,4,False,3,1,3,1,3,1,4,False,7,3,3,1,4,0,4,False,0,4,4,0
phi4,NExTVideo_1106_4229009987,Semantic,3,8,5,4,False,9,6,8,5,8,5,4,False,9,6,8,5,3,0,4,False,9,6,3,0
phi4,NExTVideo_1106_6016405951,Compositional,4,2,2,4,False,2,2,2,2,2,2,4,False,2,2,2,2,3,1,4,False,3,1,3,1
phi4,NExTVideo_1106_7828681900,Geometric,4,1,3,4,False,3,1,1,3,7,3,4,False,7,3,7,3,8,4,4,False,8,4,8,4
phi4,NExTVideo_0051_2400074985,Geometric,6,2,4,4,False,0,6,2,4,3,3,4,False,3,3,3,3,1,5,4,False,6,0,6,0
phi4,NExTVideo_0051_3702633786,Geometric,5,8,3,4,False,9,4,8,3,8,3,4,False,9,4,8,3,5,0,4,False,1,4,5,0
phi4,NExTVideo_0051_6783561967,Geometric,3,8,5,4,False,9,6,8,5,6,3,4,False,9,6,6,3,8,5,4,False,8,5,8,5
phi4,NExTVideo_0051_8697708107,Geometric,5,7,2,4,False,6,1,7,2,6,1,4,False,9,4,6,1,3,2,4,False,8,3,8,3
phi4,NExTVideo_0051_11585666326,Geometric,5,5,0,4,False,4,1,5,0,5,0,4,False,4,1,5,0,4,1,4,False,4,1,4,1
phi4,NExTVideo_0052_5455648195,Semantic,4,1,3,4,False,0,4,1,3,1,3,4,False,0,4,1,3,8,4,4,False,8,4,8,4
phi4,NExTVideo_0052_10041199716,Semantic,6,4,2,4,False,1,5,4,2,5,1,4,False,0,6,5,1,6,0,4,False,6,0,6,0
phi4,NExTVideo_0053_3701610241,Semantic,5,2,3,4,False,0,5,2,3,6,1,4,False,0,5,6,1,5,0,4,False,0,5,5,0
phi4,NExTVideo_0053_5599511471,Semantic,6,4,2,4,False,5,1,4,2,5,1,4,False,5,1,5,1,1,5,4,False,0,6,1,5
phi4,NExTVideo_0054_2971876369,Compositional,4,3,1,4,False,0,4,1,3,4,0,4,False,1,3,3,1,1,3,4,False,1,3,1,3
phi4,NExTVideo_0054_11276956514,Compositional,6,3,3,4,False,3,3,3,3,7,1,4,False,3,3,7,1,6,0,4,False,9,3,6,0
phi4,NExTVideo_0055_3446247254,Semantic,5,6,1,4,False,3,2,6,1,6,1,4,False,0,5,6,1,8,3,4,False,4,1,5,0
phi4,NExTVideo_0055_8727084602,Geometric,4,2,2,4,False,0,4,2,2,3,1,4,False,0,4,3,1,8,4,4,False,1,3,8,4
phi4,NExTVideo_0056_3336398510,Semantic,3,7,4,4,False,0,3,7,4,7,4,4,False,4,1,7,4,5,2,4,False,4,1,7,4
phi4,NExTVideo_0057_3381752581,Semantic,5,2,3,4,False,1,4,2,3,2,3,4,False,0,5,2,3,7,2,4,False,0,5,7,2
phi4,NExTVideo_0057_7001078933,Semantic,6,1,5,4,False,0,6,1,5,6,0,4,False,0,6,1,5,6,0,4,False,0,6,6,0
phi4,NExTVideo_0059_2400084970,Geometric,6,6,0,4,False,5,1,6,0,6,0,4,False,0,6,2,4,2,4,4,False,6,0,2,4
phi4,NExTVideo_0060_5856167780,Semantic,5,4,1,4,False,0,5,4,1,5,0,4,False,0,5,4,1,1,4,4,False,1,4,1,4
phi4,NExTVideo_0061_3530395394,Semantic,4,5,1,4,False,0,4,3,1,5,1,4,False,0,4,5,1,2,2,4,False,9,5,2,2
phi4,NExTVideo_0000_5650793185,Semantic,4,5,1,4,False,5,1,5,1,5,1,4,False,5,1,5,1,5,1,4,False,0,4,3,1
phi4,NExTVideo_0002_10192494165,Geometric,4,5,1,4,False,8,4,7,3,7,3,4,False,8,4,7,3,4,0,4,False,7,3,4,0
phi4,NExTVideo_0003_5251212639,Geometric,4,3,1,4,False,0,4,3,1,3,1,4,False,0,4,3,1,5,1,4,False,2,2,5,1
phi4,NExTVideo_0004_9525696229,Geometric,4,1,3,4,False,0,4,1,3,3,1,4,False,1,3,1,3,1,3,4,False,8,4,1,3
phi4,NExTVideo_0004_11566980553,Geometric,4,6,2,4,False,6,2,6,2,6,2,4,False,6,2,6,2,5,1,4,False,6,2,5,1
phi4,NExTVideo_0005_3250020598,Semantic,4,4,0,4,False,9,5,4,0,4,0,4,False,9,5,4,0,6,2,4,False,5,1,6,2
phi4,NExTVideo_0006_2478396375,Geometric,4,5,1,4,False,6,2,5,1,5,1,4,False,8,4,5,1,4,0,4,False,6,2,4,0
phi4,NExTVideo_0008_2744507539,Semantic,4,6,2,4,False,9,5,6,2,5,1,4,False,9,5,8,4,2,2,4,False,0,4,2,2
phi4,NExTVideo_0008_6320611157,Semantic,4,7,3,4,False,5,1,7,3,7,3,4,False,5,1,7,3,7,3,4,False,9,5,7,3
phi4,NExTVideo_0015_4609514164,Semantic,4,3,1,4,False,0,4,3,1,3,1,4,False,0,4,3,1,3,1,4,False,3,1,3,1
phi4,NExTVideo_0020_2454242177,Semantic,4,5,1,4,False,6,2,6,2,5,1,4,False,9,5,6,2,8,4,4,False,8,4,8,4
phi4,NExTVideo_0020_9209893989,Geometric,4,6,2,4,False,8,4,6,2,6,2,4,False,8,4,6,2,8,4,4,False,9,5,8,4
phi4,NExTVideo_0028_3085751774,Semantic,4,5,1,4,False,1,3,5,1,6,2,4,False,8,4,8,4,4,0,4,False,9,5,4,0
phi4,NExTVideo_0031_4006742735,Geometric,4,5,1,4,False,9,5,6,2,7,3,4,False,8,4,7,3,7,3,4,False,8,4,7,3
phi4,NExTVideo_0031_4805511103,Semantic,4,4,0,4,False,0,4,4,0,4,0,4,False,4,0,4,0,6,2,4,False,0,4,6,2
phi4,NExTVideo_0031_5516830700,Semantic,4,4,0,4,False,0,4,2,2,2,2,4,False,0,4,2,2,8,4,4,False,0,4,8,4
phi4,NExTVideo_0033_2834146886,Geometric,4,5,1,4,False,0,4,6,2,6,2,4,False,0,4,6,2,1,3,4,False,1,3,1,3
phi4,NExTVideo_0033_3105754589,Semantic,4,6,2,4,False,5,1,6,2,6,2,4,False,6,2,6,2,6,2,4,False,6,2,6,2
phi4,NExTVideo_0034_5296671076,Semantic,4,2,2,4,False,6,2,6,2,5,1,4,False,6,2,8,4,1,3,4,False,6,2,6,2
phi4,NExTVideo_0039_5351925965,Semantic,4,4,0,4,False,0,4,4,0,2,2,4,False,0,4,2,2,1,3,4,False,0,4,1,3
pixtral,NExTVideo_0089_3066966990,Compositional,7,4,3,4,False,9,2,4,3,7,0,4,False,9,2,7,0,4,3,4,False,1,6,4,3
pixtral,NExTVideo_0089_6868234420,Semantic,4,2,2,4,False,8,4,2,2,2,2,4,False,2,2,2,2,5,1,4,False,0,4,5,1
pixtral,NExTVideo_0090_5329653093,Semantic,5,8,3,4,False,2,3,4,1,8,3,4,False,2,3,8,3,1,4,4,False,2,3,1,4
pixtral,NExTVideo_0090_7001183247,Compositional,3,3,0,4,False,3,0,3,0,3,0,4,False,3,0,3,0,3,0,4,False,3,0,3,0
pixtral,NExTVideo_1009_4738042036,Semantic,5,2,3,4,False,9,4,6,1,8,3,4,False,0,5,8,3,4,1,4,False,5,0,4,1
pixtral,NExTVideo_1203_3339687949,Geometric,5,3,2,4,False,9,4,3,2,3,2,4,False,9,4,6,1,1,4,4,False,8,3,1,4
pixtral,NExTVideo_1203_3798468368,Semantic,4,2,2,4,False,0,4,2,2,2,2,4,False,9,5,2,2,7,3,4,False,7,3,7,3
pixtral,NExTVideo_1203_4039610385,Compositional,5,7,2,4,False,7,2,7,2,7,2,4,False,7,2,7,2,5,0,4,False,2,3,5,0
pixtral,NExTVideo_1009_5996570774,Geometric,5,5,0,4,False,3,2,5,0,5,0,4,False,9,4,5,0,3,2,4,False,3,2,3,2
pixtral,NExTVideo_1009_6118838509,Semantic,4,1,3,4,False,1,3,1,3,2,2,4,False,0,4,2,2,1,3,4,False,1,3,1,3
pixtral,NExTVideo_1009_6416652333,Semantic,5,4,1,4,False,0,5,4,1,3,2,4,False,0,5,3,2,4,1,4,False,0,5,4,1
pixtral,NExTVideo_1009_6420147083,Semantic,5,6,1,4,False,9,4,7,2,2,3,4,False,0,5,2,3,7,2,4,False,7,2,7,2
pixtral,NExTVideo_1009_6663748603,Semantic,4,5,1,4,False,0,4,5,1,4,0,4,False,2,2,4,0,6,2,4,False,6,2,6,2
pixtral,NExTVideo_1009_8612900766,Geometric,6,4,2,4,False,4,2,4,2,5,1,4,False,5,1,5,1,1,5,4,False,6,0,1,5
pixtral,NExTVideo_0101_3122394310,Geometric,6,6,0,4,False,6,0,6,0,6,0,4,False,6,0,6,0,6,0,4,False,6,0,6,0
pixtral,NExTVideo_0101_3404210548,Semantic,4,4,0,4,False,1,3,4,0,7,3,4,False,1,3,7,3,4,0,4,False,2,2,4,0
pixtral,NExTVideo_0101_4740074365,Geometric,5,6,1,4,False,9,4,6,1,6,1,4,False,8,3,6,1,5,0,4,False,9,4,5,0
pixtral,NExTVideo_1000_2594144360,Semantic,4,3,1,4,False,0,4,3,1,3,1,4,False,0,4,3,1,5,1,4,False,3,1,3,1
pixtral,NExTVideo_1000_2623063774,Semantic,4,2,2,4,False,2,2,2,2,5,1,4,False,5,1,5,1,2,2,4,False,9,5,2,2
pixtral,NExTVideo_1000_3273928480,Geometric,5,6,1,4,False,6,1,6,1,6,1,4,False,6,1,6,1,6,1,4,False,0,5,6,1
pixtral,NExTVideo_1000_3297776560,Geometric,6,1,5,4,False,1,5,1,5,7,1,4,False,0,6,7,1,4,2,4,False,5,1,4,2
pixtral,NExTVideo_1000_3298675598,Geometric,4,3,1,4,False,4,0,3,1,4,0,4,False,4,0,4,0,5,1,4,False,0,4,4,0
pixtral,NExTVideo_1000_3380344744,Semantic,5,7,2,4,False,9,4,7,2,4,1,4,False,0,5,7,2,7,2,4,False,9,4,7,2
pixtral,NExTVideo_1000_3388598772,Semantic,4,1,3,4,False,0,4,1,3,1,3,4,False,1,3,1,3,4,0,4,False,0,4,6,2
pixtral,NExTVideo_1000_3664990087,Geometric,4,5,1,4,False,0,4,5,1,5,1,4,False,8,4,5,1,3,1,4,False,4,0,3,1
pixtral,NExTVideo_1000_3669067230,Compositional,3,2,1,4,False,0,3,2,1,2,1,4,False,0,3,2,1,1,2,4,False,0,3,1,2
pixtral,NExTVideo_1000_3824469712,Geometric,6,3,3,4,False,0,6,3,3,3,3,4,False,3,3,3,3,8,2,4,False,9,3,8,2
pixtral,NExTVideo_1000_4116558765,Geometric,6,1,5,4,False,7,1,6,0,6,0,4,False,7,1,6,0,1,5,4,False,0,6,1,5
pixtral,NExTVideo_1000_4227464140,Semantic,4,6,2,4,False,9,5,6,2,6,2,4,False,9,5,6,2,6,2,4,False,9,5,8,4
pixtral,NExTVideo_1000_4405872555,Geometric,5,5,0,4,False,9,4,5,0,5,0,4,False,0,5,5,0,8,3,4,False,6,1,8,3
pixtral,NExTVideo_1000_4550392934,Semantic,5,1,4,4,False,2,3,1,4,2,3,4,False,2,3,2,3,5,0,4,False,0,5,5,0
pixtral,NExTVideo_1000_4638541063,Geometric,5,4,1,4,False,4,1,4,1,4,1,4,False,2,3,4,1,5,0,4,False,1,4,5,0
pixtral,NExTVideo_1001_3098102850,Geometric,5,4,1,4,False,4,1,4,1,4,1,4,False,7,2,4,1,7,2,4,False,2,3,7,2
pixtral,NExTVideo_1001_3249160519,Semantic,5,8,3,4,False,9,4,7,2,1,4,4,False,0,5,1,4,3,2,4,False,0,5,3,2
pixtral,NExTVideo_1101_2574374895,Semantic,5,7,2,4,False,8,3,8,3,7,2,4,False,8,3,7,2,3,2,4,False,9,4,3,2
pixtral,NExTVideo_1101_3483300439,Semantic,3,4,1,4,False,9,6,4,1,6,3,4,False,8,5,6,3,8,5,4,False,8,5,8,5
pixtral,NExTVideo_1101_3812429626,Compositional,4,8,4,4,False,9,5,8,4,4,0,4,False,0,4,4,0,5,1,4,False,8,4,5,1
pixtral,NExTVideo_1101_4542514917,Semantic,4,2,2,4,False,0,4,2,2,2,2,4,False,2,2,2,2,5,1,4,False,0,4,5,1
pixtral,NExTVideo_1103_2831643292,Geometric,4,6,2,4,False,6,2,6,2,1,3,4,False,8,4,1,3,6,2,4,False,4,0,6,2
pixtral,NExTVideo_1103_3441428429,Compositional,3,8,5,4,False,3,0,8,5,8,5,4,False,7,4,8,5,7,4,4,False,8,5,7,4
pixtral,NExTVideo_1103_3650010049,Geometric,4,2,2,4,False,0,4,2,2,1,3,4,False,0,4,8,4,3,1,4,False,3,1,3,1
pixtral,NExTVideo_1104_4760431362,Geometric,4,4,0,4,False,7,3,4,0,4,0,4,False,7,3,4,0,8,4,4,False,8,4,8,4
pixtral,NExTVideo_1104_4839268164,Semantic,4,7,3,4,False,6,2,7,3,7,3,4,False,6,2,7,3,7,3,4,False,7,3,7,3
pixtral,NExTVideo_1104_5508995205,Compositional,4,3,1,4,False,3,1,3,1,8,4,4,False,2,2,8,4,4,0,4,False,5,1,4,0
pixtral,NExTVideo_1105_2623764605,Geometric,3,4,1,4,False,0,3,4,1,3,0,4,False,0,3,3,0,6,3,4,False,6,3,6,3
pixtral,NExTVideo_1105_4375052499,Compositional,4,5,1,4,False,5,1,6,2,5,1,4,False,9,5,2,2,4,0,4,False,0,4,4,0
pixtral,NExTVideo_1105_6253141636,Geometric,4,6,2,4,False,3,1,1,3,3,1,4,False,1,3,3,1,7,3,4,False,1,3,7,3
pixtral,NExTVideo_1105_6709738709,Semantic,4,4,0,4,False,0,4,1,3,8,4,4,False,0,4,8,4,7,3,4,False,8,4,7,3
pixtral,NExTVideo_1106_2797596111,Compositional,4,5,1,4,False,9,5,5,1,8,4,4,False,9,5,8,4,6,2,4,False,6,2,6,2
pixtral,NExTVideo_1106_3459862895,Semantic,4,3,1,4,False,3,1,3,1,3,1,4,False,3,1,3,1,3,1,4,False,1,3,3,1
pixtral,NExTVideo_1106_4229009987,Semantic,3,8,5,4,False,0,3,8,5,3,0,4,False,0,3,3,0,8,5,4,False,0,3,8,5
pixtral,NExTVideo_1106_6016405951,Compositional,4,2,2,4,False,2,2,2,2,6,2,4,False,9,5,6,2,2,2,4,False,0,4,2,2
pixtral,NExTVideo_1106_7828681900,Geometric,4,1,3,4,False,1,3,1,3,1,3,4,False,1,3,1,3,8,4,4,False,8,4,8,4
pixtral,NExTVideo_0051_2400074985,Geometric,6,4,2,4,False,9,3,4,2,6,0,4,False,6,0,6,0,2,4,4,False,0,6,2,4
pixtral,NExTVideo_0051_3702633786,Geometric,5,6,1,4,False,0,5,6,1,6,1,4,False,0,5,6,1,3,2,4,False,3,2,3,2
pixtral,NExTVideo_0051_6783561967,Geometric,3,7,4,4,False,9,6,7,4,7,4,4,False,9,6,7,4,8,5,4,False,9,6,8,5
pixtral,NExTVideo_0051_8697708107,Geometric,5,7,2,4,False,7,2,7,2,7,2,4,False,7,2,7,2,7,2,4,False,9,4,7,2
pixtral,NExTVideo_0051_11585666326,Geometric,5,4,1,4,False,4,1,4,1,4,1,4,False,7,2,4,1,5,0,4,False,5,0,5,0
pixtral,NExTVideo_0052_5455648195,Semantic,4,1,3,4,False,0,4,1,3,1,3,4,False,0,4,1,3,1,3,4,False,0,4,1,3
pixtral,NExTVideo_0052_10041199716,Semantic,6,4,2,4,False,0,6,4,2,4,2,4,False,0,6,4,2,4,2,4,False,0,6,4,2
pixtral,NExTVideo_0053_3701610241,Semantic,5,5,0,4,False,0,5,5,0,5,0,4,False,0,5,5,0,8,3,4,False,0,5,8,3
pixtral,NExTVideo_0053_5599511471,Semantic,6,8,2,4,False,8,2,8,2,2,4,4,False,0,6,6,0,7,1,4,False,5,1,7,1
pixtral,NExTVideo_0054_2971876369,Compositional,4,1,3,4,False,6,2,1,3,1,3,4,False,6,2,1,3,5,1,4,False,2,2,5,1
pixtral,NExTVideo_0054_11276956514,Compositional,6,8,2,4,False,8,2,8,2,6,0,4,False,8,2,6,0,3,3,4,False,3,3,3,3
pixtral,NExTVideo_0055_3446247254,Semantic,5,2,3,4,False,3,2,2,3,2,3,4,False,3,2,2,3,4,1,4,False,0,5,4,1
pixtral,NExTVideo_0055_8727084602,Geometric,4,5,1,4,False,3,1,5,1,3,1,4,False,9,5,9,5,5,1,4,False,9,5,8,4
pixtral,NExTVideo_0056_3336398510,Semantic,3,5,2,4,False,0,3,5,2,4,1,4,False,4,1,4,1,4,1,4,False,8,5,4,1
pixtral,NExTVideo_0057_3381752581,Semantic,5,2,3,4,False,3,2,2,3,3,2,4,False,3,2,3,2,2,3,4,False,2,3,2,3
pixtral,NExTVideo_0057_7001078933,Semantic,6,1,5,4,False,0,6,1,5,1,5,4,False,8,2,1,5,2,4,4,False,2,4,2,4
pixtral,NExTVideo_0059_2400084970,Geometric,6,5,1,4,False,5,1,5,1,3,3,4,False,9,3,2,4,6,0,4,False,9,3,6,0
pixtral,NExTVideo_0060_5856167780,Semantic,5,4,1,4,False,0,5,4,1,4,1,4,False,8,3,4,1,1,4,4,False,0,5,1,4
pixtral,NExTVideo_0061_3530395394,Semantic,4,2,2,4,False,2,2,2,2,2,2,4,False,1,3,2,2,1,3,4,False,1,3,1,3
pixtral,NExTVideo_0000_5650793185,Semantic,4,5,1,4,False,1,3,5,1,5,1,4,False,5,1,6,2,5,1,4,False,2,2,2,2
pixtral,NExTVideo_0002_10192494165,Geometric,4,5,1,4,False,9,5,5,1,8,4,4,False,9,5,8,4,8,4,4,False,8,4,8,4
pixtral,NExTVideo_0003_5251212639,Geometric,4,3,1,4,False,1,3,3,1,6,2,4,False,1,3,6,2,8,4,4,False,9,5,8,4
pixtral,NExTVideo_0004_9525696229,Geometric,4,6,2,4,False,0,4,6,2,3,1,4,False,1,3,3,1,8,4,4,False,1,3,2,2
pixtral,NExTVideo_0004_11566980553,Geometric,4,5,1,4,False,6,2,5,1,1,3,4,False,6,2,1,3,6,2,4,False,9,5,6,2
pixtral,NExTVideo_0005_3250020598,Semantic,4,4,0,4,False,4,0,4,0,4,0,4,False,8,4,8,4,4,0,4,False,8,4,8,4
pixtral,NExTVideo_0006_2478396375,Geometric,4,5,1,4,False,8,4,5,1,3,1,4,False,8,4,3,1,5,1,4,False,0,4,5,1
pixtral,NExTVideo_0008_2744507539,Semantic,4,8,4,4,False,9,5,8,4,2,2,4,False,9,5,2,2,3,1,4,False,9,5,3,1
pixtral,NExTVideo_0008_6320611157,Semantic,4,7,3,4,False,5,1,7,3,7,3,4,False,7,3,7,3,4,0,4,False,0,4,4,0
pixtral,NExTVideo_0015_4609514164,Semantic,4,2,2,4,False,9,5,2,2,2,2,4,False,9,5,2,2,6,2,4,False,3,1,6,2
pixtral,NExTVideo_0020_2454242177,Semantic,4,6,2,4,False,9,5,6,2,6,2,4,False,9,5,6,2,8,4,4,False,8,4,8,4
pixtral,NExTVideo_0020_9209893989,Geometric,4,6,2,4,False,9,5,6,2,6,2,4,False,7,3,6,2,2,2,4,False,0,4,2,2
pixtral,NExTVideo_0028_3085751774,Semantic,4,1,3,4,False,1,3,1,3,2,2,4,False,1,3,2,2,7,3,4,False,7,3,7,3
pixtral,NExTVideo_0031_4006742735,Geometric,4,7,3,4,False,9,5,7,3,7,3,4,False,9,5,7,3,7,3,4,False,9,5,7,3
pixtral,NExTVideo_0031_4805511103,Semantic,4,4,0,4,False,9,5,4,0,7,3,4,False,7,3,7,3,8,4,4,False,8,4,8,4
pixtral,NExTVideo_0031_5516830700,Semantic,4,6,2,4,False,7,3,6,2,2,2,4,False,7,3,2,2,4,0,4,False,0,4,4,0
pixtral,NExTVideo_0033_2834146886,Geometric,4,2,2,4,False,0,4,6,2,2,2,4,False,0,4,2,2,2,2,4,False,0,4,2,2
pixtral,NExTVideo_0033_3105754589,Semantic,4,7,3,4,False,7,3,7,3,6,2,4,False,7,3,6,2,6,2,4,False,6,2,6,2
pixtral,NExTVideo_0034_5296671076,Semantic,4,6,2,4,False,7,3,6,2,6,2,4,False,7,3,6,2,8,4,4,False,8,4,8,4
pixtral,NExTVideo_0039_5351925965,Semantic,4,3,1,4,False,0,4,3,1,3,1,4,False,0,4,3,1,6,2,4,False,0,4,6,2
qwen,NExTVideo_0089_3066966990,Compositional,7,7,0,4,False,9,2,7,0,5,2,4,False,9,2,5,2,1,6,4,False,8,1,1,6
qwen,NExTVideo_0089_6868234420,Semantic,4,4,0,4,False,0,4,4,0,5,1,4,False,0,4,5,1,4,0,4,False,5,1,4,0
qwen,NExTVideo_0090_5329653093,Semantic,5,8,3,4,False,0,5,2,3,3,2,4,False,6,1,3,2,5,0,4,False,1,4,5,0
qwen,NExTVideo_0090_7001183247,Compositional,3,5,2,4,False,3,0,5,2,4,1,4,False,3,0,4,1,5,2,4,False,5,2,5,2
qwen,NExTVideo_1009_4738042036,Semantic,5,6,1,4,False,4,1,6,1,2,3,4,False,0,5,2,3,2,3,4,False,0,5,5,0
qwen,NExTVideo_1203_3339687949,Geometric,5,5,0,4,False,8,3,5,0,3,2,4,False,0,5,3,2,1,4,4,False,0,5,1,4
qwen,NExTVideo_1203_3798468368,Semantic,4,5,1,4,False,5,1,5,1,1,3,4,False,0,4,1,3,4,0,4,False,5,1,5,1
qwen,NExTVideo_1203_4039610385,Compositional,5,6,1,4,False,6,1,6,1,5,0,4,False,1,4,5,0,8,3,4,False,8,3,8,3
qwen,NExTVideo_1009_5996570774,Geometric,5,5,0,4,False,9,4,5,0,5,0,4,False,4,1,5,0,5,0,4,False,9,4,1,4
qwen,NExTVideo_1009_6118838509,Semantic,4,1,3,4,False,1,3,1,3,1,3,4,False,1,3,1,3,7,3,4,False,3,1,7,3
qwen,NExTVideo_1009_6416652333,Semantic,5,5,0,4,False,0,5,5,0,5,0,4,False,8,3,5,0,7,2,4,False,9,4,7,2
qwen,NExTVideo_1009_6420147083,Semantic,5,4,1,4,False,7,2,4,1,6,1,4,False,0,5,7,2,1,4,4,False,1,4,1,4
qwen,NExTVideo_1009_6663748603,Semantic,4,2,2,4,False,2,2,2,2,2,2,4,False,2,2,2,2,2,2,4,False,2,2,2,2
qwen,NExTVideo_1009_8612900766,Geometric,6,1,5,4,False,1,5,1,5,1,5,4,False,1,5,1,5,5,1,4,False,1,5,5,1
qwen,NExTVideo_0101_3122394310,Geometric,6,4,2,4,False,4,2,4,2,5,1,4,False,6,0,5,1,2,4,4,False,0,6,2,4
qwen,NExTVideo_0101_3404210548,Semantic,4,3,1,4,False,5,1,3,1,2,2,4,False,2,2,1,3,2,2,4,False,0,4,2,2
qwen,NExTVideo_0101_4740074365,Geometric,5,6,1,4,False,6,1,6,1,5,0,4,False,9,4,6,1,3,2,4,False,3,2,3,2
qwen,NExTVideo_1000_2594144360,Semantic,4,4,0,4,False,8,4,8,4,4,0,4,False,9,5,8,4,8,4,4,False,8,4,8,4
qwen,NExTVideo_1000_2623063774,Semantic,4,6,2,4,False,9,5,6,2,4,0,4,False,2,2,4,0,3,1,4,False,3,1,3,1
qwen,NExTVideo_1000_3273928480,Geometric,5,4,1,4,False,6,1,7,2,4,1,4,False,8,3,4,1,8,3,4,False,1,4,8,3
qwen,NExTVideo_1000_3297776560,Geometric,6,2,4,4,False,0,6,2,4,2,4,4,False,0,6,2,4,4,2,4,False,4,2,4,2
qwen,NExTVideo_1000_3298675598,Geometric,4,7,3,4,False,3,1,3,1,3,1,4,False,3,1,3,1,4,0,4,False,0,4,4,0
qwen,NExTVideo_1000_3380344744,Semantic,5,5,0,4,False,9,4,5,0,8,3,4,False,9,4,8,3,3,2,4,False,8,3,3,2
qwen,NExTVideo_1000_3388598772,Semantic,4,7,3,4,False,0,4,7,3,7,3,4,False,0,4,1,3,7,3,4,False,0,4,7,3
qwen,NExTVideo_1000_3664990087,Geometric,4,3,1,4,False,2,2,3,1,3,1,4,False,0,4,3,1,3,1,4,False,2,2,1,3
qwen,NExTVideo_1000_3669067230,Compositional,3,2,1,4,False,0,3,2,1,2,1,4,False,0,3,2,1,1,2,4,False,0,3,1,2
qwen,NExTVideo_1000_3824469712,Geometric,6,3,3,4,False,9,3,3,3,3,3,4,False,9,3,3,3,1,5,4,False,1,5,1,5
qwen,NExTVideo_1000_4116558765,Geometric,6,1,5,4,False,8,2,1,5,1,5,4,False,8,2,1,5,3,3,4,False,0,6,3,3
qwen,NExTVideo_1000_4227464140,Semantic,4,6,2,4,False,9,5,6,2,6,2,4,False,9,5,6,2,6,2,4,False,6,2,6,2
qwen,NExTVideo_1000_4405872555,Geometric,5,8,3,4,False,6,1,8,3,8,3,4,False,8,3,8,3,4,1,4,False,4,1,4,1
qwen,NExTVideo_1000_4550392934,Semantic,5,3,2,4,False,1,4,3,2,1,4,4,False,1,4,1,4,2,3,4,False,0,5,2,3
qwen,NExTVideo_1000_4638541063,Geometric,5,3,2,4,False,1,4,3,2,3,2,4,False,1,4,2,3,1,4,4,False,1,4,1,4
qwen,NExTVideo_1001_3098102850,Geometric,5,2,3,4,False,2,3,2,3,2,3,4,False,2,3,2,3,8,3,4,False,8,3,8,3
qwen,NExTVideo_1001_3249160519,Semantic,5,5,0,4,False,0,5,5,0,5,0,4,False,0,5,5,0,1,4,4,False,0,5,1,4
qwen,NExTVideo_1101_2574374895,Semantic,5,8,3,4,False,9,4,8,3,8,3,4,False,8,3,8,3,7,2,4,False,2,3,2,3
qwen,NExTVideo_1101_3483300439,Semantic,3,5,2,4,False,9,6,7,4,7,4,4,False,9,6,7,4,4,1,4,False,4,1,4,1
qwen,NExTVideo_1101_3812429626,Compositional,4,8,4,4,False,6,2,8,4,6,2,4,False,6,2,6,2,3,1,4,False,4,0,3,1
qwen,NExTVideo_1101_4542514917,Semantic,4,2,2,4,False,9,5,8,4,2,2,4,False,9,5,2,2,8,4,4,False,8,4,8,4
qwen,NExTVideo_1103_2831643292,Geometric,4,6,2,4,False,9,5,6,2,5,1,4,False,9,5,5,1,8,4,4,False,8,4,8,4
qwen,NExTVideo_1103_3441428429,Compositional,3,3,0,4,False,3,0,3,0,3,0,4,False,3,0,3,0,1,2,4,False,1,2,1,2
qwen,NExTVideo_1103_3650010049,Geometric,4,1,3,4,False,0,4,1,3,1,3,4,False,0,4,1,3,7,3,4,False,3,1,7,3
qwen,NExTVideo_1104_4760431362,Geometric,4,4,0,4,False,5,1,4,0,4,0,4,False,7,3,4,0,5,1,4,False,7,3,7,3
qwen,NExTVideo_1104_4839268164,Semantic,4,4,0,4,False,9,5,4,0,4,0,4,False,6,2,6,2,4,0,4,False,8,4,8,4
qwen,NExTVideo_1104_5508995205,Compositional,4,4,0,4,False,7,3,4,0,2,2,4,False,5,1,2,2,2,2,4,False,4,0,2,2
qwen,NExTVideo_1105_2623764605,Geometric,3,2,1,4,False,0,3,2,1,2,1,4,False,0,3,2,1,2,1,4,False,0,3,2,1
qwen,NExTVideo_1105_4375052499,Compositional,4,6,2,4,False,1,3,6,2,4,0,4,False,4,0,4,0,5,1,4,False,0,4,2,2
qwen,NExTVideo_1105_6253141636,Geometric,4,1,3,4,False,1,3,1,3,6,2,4,False,1,3,1,3,3,1,4,False,3,1,3,1
qwen,NExTVideo_1105_6709738709,Semantic,4,1,3,4,False,7,3,1,3,2,2,4,False,1,3,2,2,1,3,4,False,7,3,1,3
qwen,NExTVideo_1106_2797596111,Compositional,4,7,3,4,False,9,5,7,3,7,3,4,False,9,5,7,3,3,1,4,False,6,2,3,1
qwen,NExTVideo_1106_3459862895,Semantic,4,4,0,4,False,0,4,4,0,4,0,4,False,3,1,3,1,4,0,4,False,4,0,4,0
qwen,NExTVideo_1106_4229009987,Semantic,3,2,1,4,False,1,2,1,2,3,0,4,False,9,6,3,0,8,5,4,False,8,5,8,5
qwen,NExTVideo_1106_6016405951,Compositional,4,3,1,4,False,0,4,1,3,5,1,4,False,2,2,1,3,3,1,4,False,3,1,3,1
qwen,NExTVideo_1106_7828681900,Geometric,4,7,3,4,False,7,3,7,3,4,0,4,False,7,3,4,0,3,1,4,False,3,1,3,1
qwen,NExTVideo_0051_2400074985,Geometric,6,8,2,4,False,1,5,8,2,7,1,4,False,2,4,2,4,1,5,4,False,1,5,1,5
qwen,NExTVideo_0051_3702633786,Geometric,5,4,1,4,False,1,4,4,1,1,4,4,False,6,1,1,4,5,0,4,False,8,3,5,0
qwen,NExTVideo_0051_6783561967,Geometric,3,8,5,4,False,9,6,8,5,8,5,4,False,9,6,8,5,8,5,4,False,8,5,8,5
qwen,NExTVideo_0051_8697708107,Geometric,5,7,2,4,False,8,3,7,2,7,2,4,False,7,2,7,2,7,2,4,False,7,2,7,2
qwen,NExTVideo_0051_11585666326,Geometric,5,6,1,4,False,4,1,1,4,6,1,4,False,4,1,1,4,5,0,4,False,4,1,5,0
qwen,NExTVideo_0052_5455648195,Semantic,4,2,2,4,False,0,4,2,2,1,3,4,False,1,3,1,3,8,4,4,False,1,3,1,3
qwen,NExTVideo_0052_10041199716,Semantic,6,6,0,4,False,0,6,6,0,4,2,4,False,0,6,4,2,8,2,4,False,0,6,8,2
qwen,NExTVideo_0053_3701610241,Semantic,5,5,0,4,False,0,5,5,0,5,0,4,False,0,5,5,0,5,0,4,False,0,5,5,0
qwen,NExTVideo_0053_5599511471,Semantic,6,8,2,4,False,5,1,8,2,5,1,4,False,5,1,5,1,1,5,4,False,1,5,1,5
qwen,NExTVideo_0054_2971876369,Compositional,4,3,1,4,False,2,2,3,1,3,1,4,False,1,3,3,1,1,3,4,False,1,3,1,3
qwen,NExTVideo_0054_11276956514,Compositional,6,7,1,4,False,8,2,7,1,3,3,4,False,7,1,7,1,2,4,4,False,2,4,2,4
qwen,NExTVideo_0055_3446247254,Semantic,5,4,1,4,False,1,4,3,2,3,2,4,False,3,2,3,2,1,4,4,False,0,5,1,4
qwen,NExTVideo_0055_8727084602,Geometric,4,3,1,4,False,5,1,3,1,5,1,4,False,5,1,5,1,5,1,4,False,4,0,5,1
qwen,NExTVideo_0056_3336398510,Semantic,3,2,1,4,False,0,3,2,1,3,0,4,False,1,2,3,0,8,5,4,False,6,3,8,5
qwen,NExTVideo_0057_3381752581,Semantic,5,2,3,4,False,0,5,2,3,2,3,4,False,2,3,2,3,7,2,4,False,9,4,7,2
qwen,NExTVideo_0057_7001078933,Semantic,6,2,4,4,False,2,4,2,4,2,4,4,False,0,6,2,4,2,4,4,False,2,4,2,4
qwen,NExTVideo_0059_2400084970,Geometric,6,4,2,4,False,8,2,4,2,1,5,4,False,4,2,1,5,8,2,4,False,8,2,8,2
qwen,NExTVideo_0060_5856167780,Semantic,5,3,2,4,False,0,5,3,2,3,2,4,False,0,5,3,2,2,3,4,False,0,5,2,3
qwen,NExTVideo_0061_3530395394,Semantic,4,2,2,4,False,0,4,2,2,5,1,4,False,2,2,5,1,1,3,4,False,1,3,1,3
qwen,NExTVideo_0000_5650793185,Semantic,4,5,1,4,False,0,4,5,1,5,1,4,False,5,1,5,1,5,1,4,False,9,5,5,1
qwen,NExTVideo_0002_10192494165,Geometric,4,4,0,4,False,9,5,7,3,4,0,4,False,8,4,1,3,7,3,4,False,8,4,7,3
qwen,NExTVideo_0003_5251212639,Geometric,4,6,2,4,False,6,2,6,2,3,1,4,False,0,4,6,2,1,3,4,False,0,4,1,3
qwen,NExTVideo_0004_9525696229,Geometric,4,2,2,4,False,1,3,2,2,2,2,4,False,0,4,1,3,5,1,4,False,2,2,5,1
qwen,NExTVideo_0004_11566980553,Geometric,4,6,2,4,False,6,2,6,2,6,2,4,False,6,2,6,2,3,1,4,False,0,4,3,1
qwen,NExTVideo_0005_3250020598,Semantic,4,7,3,4,False,9,5,7,3,6,2,4,False,9,5,6,2,5,1,4,False,5,1,5,1
qwen,NExTVideo_0006_2478396375,Geometric,4,6,2,4,False,8,4,6,2,6,2,4,False,8,4,6,2,3,1,4,False,3,1,3,1
qwen,NExTVideo_0008_2744507539,Semantic,4,5,1,4,False,9,5,8,4,6,2,4,False,9,5,8,4,3,1,4,False,3,1,3,1
qwen,NExTVideo_0008_6320611157,Semantic,4,5,1,4,False,0,4,5,1,5,1,4,False,5,1,5,1,2,2,4,False,9,5,2,2
qwen,NExTVideo_0015_4609514164,Semantic,4,6,2,4,False,6,2,6,2,6,2,4,False,3,1,6,2,2,2,4,False,2,2,2,2
qwen,NExTVideo_0020_2454242177,Semantic,4,6,2,4,False,9,5,6,2,6,2,4,False,9,5,6,2,7,3,4,False,7,3,7,3
qwen,NExTVideo_0020_9209893989,Geometric,4,5,1,4,False,8,4,6,2,6,2,4,False,6,2,6,2,1,3,4,False,1,3,1,3
qwen,NExTVideo_0028_3085751774,Semantic,4,4,0,4,False,9,5,8,4,4,0,4,False,1,3,4,0,7,3,4,False,9,5,7,3
qwen,NExTVideo_0031_4006742735,Geometric,4,5,1,4,False,7,3,8,4,7,3,4,False,8,4,7,3,7,3,4,False,7,3,7,3
qwen,NExTVideo_0031_4805511103,Semantic,4,4,0,4,False,5,1,4,0,4,0,4,False,0,4,4,0,3,1,4,False,3,1,3,1
qwen,NExTVideo_0031_5516830700,Semantic,4,1,3,4,False,7,3,1,3,2,2,4,False,0,4,2,2,2,2,4,False,2,2,2,2
qwen,NExTVideo_0033_2834146886,Geometric,4,6,2,4,False,0,4,6,2,6,2,4,False,0,4,6,2,4,0,4,False,4,0,4,0
qwen,NExTVideo_0033_3105754589,Semantic,4,6,2,4,False,4,0,6,2,4,0,4,False,6,2,6,2,4,0,4,False,9,5,4,0
qwen,NExTVideo_0034_5296671076,Semantic,4,6,2,4,False,9,5,6,2,6,2,4,False,9,5,6,2,8,4,4,False,9,5,8,4
qwen,NExTVideo_0039_5351925965,Semantic,4,1,3,4,False,0,4,1,3,4,0,4,False,0,4,1,3,5,1,4,False,0,4,5,1
