score_variant,grouping,model,category,stage,method,auroc,auroc_low,auroc_high,auroc_std_err,n_frames,n_wrong,frac_wrong
y_score_raw,all_models,ALL,ALL,vision,anchor,0.5251676401407338,0.5077899672711317,0.5409349946353735,0.010409528163489407,3208,1224,0.38154613466334164
y_score_raw,all_models,ALL,ALL,vision,geodesic,0.5202018517420409,0.5028310771190526,0.5364174694917505,0.01020640234808972,3208,1224,0.38154613466334164
y_score_raw,all_models,ALL,ALL,vision,orthogonal,0.5329887877530044,0.5162156725758219,0.5502323052157092,0.010460132900428715,3208,1224,0.38154613466334164
y_score_raw,all_models,ALL,ALL,projector,anchor,0.5378151848777145,0.5183201957939347,0.5538416888487133,0.010904678814842802,3208,1224,0.38154613466334164
y_score_raw,all_models,ALL,ALL,projector,geodesic,0.5437110033865697,0.5255601322861612,0.5605454750213719,0.010511547538553542,3208,1224,0.38154613466334164
y_score_raw,all_models,ALL,ALL,projector,orthogonal,0.5321899130956145,0.5157835847687866,0.5498169751938604,0.010398579119685756,3208,1224,0.38154613466334164
y_score_raw,all_models,ALL,ALL,hidden,anchor,0.5049003136200717,0.4877894654121051,0.5216049721877459,0.01021935442324795,3208,1224,0.38154613466334164
y_score_raw,all_models,ALL,ALL,hidden,geodesic,0.5204157771979759,0.5028510935544819,0.537476572429024,0.010418629384504522,3208,1224,0.38154613466334164
y_score_raw,all_models,ALL,ALL,hidden,orthogonal,0.512109333820894,0.49439494483206553,0.528539434538781,0.010402043878839945,3208,1224,0.38154613466334164
y_score_raw,per_model,llava,ALL,vision,anchor,0.5139733550948504,0.4801595351698504,0.546909197122675,0.02052387281091819,802,321,0.4002493765586035
y_score_raw,per_model,llava,ALL,vision,geodesic,0.5066029365094785,0.47324324507024296,0.5397586919151482,0.02002268154540446,802,321,0.4002493765586035
y_score_raw,per_model,llava,ALL,vision,orthogonal,0.5205050485424317,0.4869580157088296,0.5530307940038194,0.01969015177031303,802,321,0.4002493765586035
y_score_raw,per_model,llava,ALL,projector,anchor,0.5051715986295424,0.4719941479237158,0.5382895559278732,0.02076954940249904,802,321,0.4002493765586035
y_score_raw,per_model,llava,ALL,projector,geodesic,0.5134455087726115,0.47766189673171655,0.544664257114488,0.020985867691170744,802,321,0.4002493765586035
y_score_raw,per_model,llava,ALL,projector,orthogonal,0.5146177809729211,0.4807562453262633,0.5450066413525737,0.019974597713855118,802,321,0.4002493765586035
y_score_raw,per_model,llava,ALL,hidden,anchor,0.5211948109144371,0.48610707698001154,0.5565791075161164,0.021328183859016234,802,321,0.4002493765586035
y_score_raw,per_model,llava,ALL,hidden,geodesic,0.5369751491246818,0.4990300872225648,0.5665426689100959,0.020463421654168052,802,321,0.4002493765586035
y_score_raw,per_model,llava,ALL,hidden,orthogonal,0.5264506058898581,0.49321124938373306,0.5582166090683662,0.020164502139537386,802,321,0.4002493765586035
y_score_raw,per_model,phi4,ALL,vision,anchor,0.5223735408560312,0.4881241819554637,0.5573042781200934,0.020901803863994532,802,288,0.35910224438902744
y_score_raw,per_model,phi4,ALL,vision,geodesic,0.5283486003026372,0.4965060116683329,0.5634280049050986,0.020792392242449578,802,288,0.35910224438902744
y_score_raw,per_model,phi4,ALL,vision,orthogonal,0.5308683257674016,0.49625060930712245,0.5664756005457957,0.021710550913962467,802,288,0.35910224438902744
y_score_raw,per_model,phi4,ALL,projector,anchor,0.5382214656290532,0.5025454249747177,0.5696770605066415,0.020663919390525563,802,288,0.35910224438902744
y_score_raw,per_model,phi4,ALL,projector,geodesic,0.5299023184176395,0.5003341674970047,0.5661432537874362,0.020170831057314643,802,288,0.35910224438902744
y_score_raw,per_model,phi4,ALL,projector,orthogonal,0.5297942336792045,0.49377648815437675,0.5652708913635289,0.021230829526550105,802,288,0.35910224438902744
y_score_raw,per_model,phi4,ALL,hidden,anchor,0.5059649265023779,0.4711693394918844,0.5415225236477621,0.021532806816022987,802,288,0.35910224438902744
y_score_raw,per_model,phi4,ALL,hidden,geodesic,0.5270988705144833,0.4942576452519478,0.5614191940973569,0.02065090673437047,802,288,0.35910224438902744
y_score_raw,per_model,phi4,ALL,hidden,orthogonal,0.500219547124946,0.46582462586931644,0.5338680745891714,0.020666834826163924,802,288,0.35910224438902744
y_score_raw,per_model,pixtral,ALL,vision,anchor,0.5534394523237908,0.5184986405809744,0.5882003437132145,0.02042044256454806,802,291,0.3628428927680798
y_score_raw,per_model,pixtral,ALL,vision,geodesic,0.5363380205916571,0.49929413486745294,0.5691771779134391,0.021281535206839692,802,291,0.3628428927680798
y_score_raw,per_model,pixtral,ALL,vision,orthogonal,0.5529451718549303,0.5149338523678753,0.5837629578138598,0.020578710990345233,802,291,0.3628428927680798
y_score_raw,per_model,pixtral,ALL,projector,anchor,0.5523634676296729,0.5182752654213708,0.5871190640482509,0.021022290097183177,802,291,0.3628428927680798
y_score_raw,per_model,pixtral,ALL,projector,geodesic,0.5453830169265842,0.5098082582936166,0.5790295685321349,0.020814264850639197,802,291,0.3628428927680798
y_score_raw,per_model,pixtral,ALL,projector,orthogonal,0.5485739840350771,0.5137435732654576,0.5801845346485166,0.01971333867765892,802,291,0.3628428927680798
y_score_raw,per_model,pixtral,ALL,hidden,anchor,0.5274006227261417,0.4922843319024829,0.5618292954984165,0.0212179563661578,802,291,0.3628428927680798
y_score_raw,per_model,pixtral,ALL,hidden,geodesic,0.5242130180698179,0.48885926904205196,0.5588754423815748,0.0212538634165921,802,291,0.3628428927680798
y_score_raw,per_model,pixtral,ALL,hidden,orthogonal,0.5322122917801495,0.5023789715318953,0.5657068768405634,0.02007575597292616,802,291,0.3628428927680798
y_score_raw,per_model,qwen,ALL,vision,anchor,0.5502188904385557,0.5164092041968162,0.582861125917532,0.020347113244145083,802,324,0.40399002493765584
y_score_raw,per_model,qwen,ALL,vision,geodesic,0.5421186528229764,0.5029613451158631,0.5731149468095742,0.02084722601631422,802,324,0.40399002493765584
y_score_raw,per_model,qwen,ALL,vision,orthogonal,0.5286365514747663,0.49603153399517214,0.5635860943607908,0.02040222582595434,802,324,0.40399002493765584
y_score_raw,per_model,qwen,ALL,projector,anchor,0.5630456118601167,0.529178409553188,0.5992725435969551,0.021524550885139767,802,324,0.40399002493765584
y_score_raw,per_model,qwen,ALL,projector,geodesic,0.582994343716101,0.5507092438828843,0.6156516850791657,0.02004806577673895,802,324,0.40399002493765584
y_score_raw,per_model,qwen,ALL,projector,orthogonal,0.5743194379874994,0.5431994894428127,0.6075807519604264,0.0201183949037736,802,324,0.40399002493765584
y_score_raw,per_model,qwen,ALL,hidden,anchor,0.466359316080376,0.4309552694998399,0.4989555815853352,0.021003896324993093,802,324,0.40399002493765584
y_score_raw,per_model,qwen,ALL,hidden,geodesic,0.4959450384833927,0.46320493589376516,0.5293615739052703,0.019758114490337993,802,324,0.40399002493765584
y_score_raw,per_model,qwen,ALL,hidden,orthogonal,0.47541841004184104,0.4386736481926063,0.506594416879527,0.020098586347243274,802,324,0.40399002493765584
y_score_raw,per_category,ALL,Compositional,vision,anchor,0.48124759337697337,0.4306510573944699,0.5306550117125844,0.029768490062883596,412,147,0.3567961165048544
y_score_raw,per_category,ALL,Compositional,vision,geodesic,0.46644846617892444,0.41727640745605926,0.5110762618173239,0.029091649079085888,412,147,0.3567961165048544
y_score_raw,per_category,ALL,Compositional,vision,orthogonal,0.504492362982929,0.4617752352554389,0.5613599682776204,0.030836399795002363,412,147,0.3567961165048544
y_score_raw,per_category,ALL,Compositional,projector,anchor,0.5104351174432037,0.46009077610805615,0.5588778411182288,0.03026933099912739,412,147,0.3567961165048544
y_score_raw,per_category,ALL,Compositional,projector,geodesic,0.5153767167244256,0.46962382976979666,0.5659530069734284,0.029116300596571065,412,147,0.3567961165048544
y_score_raw,per_category,ALL,Compositional,projector,orthogonal,0.45618020793222946,0.41030453572553655,0.5012934185645036,0.027714088014171474,412,147,0.3567961165048544
y_score_raw,per_category,ALL,Compositional,hidden,anchor,0.49608522654344755,0.44495810432468724,0.5423722383515753,0.030045075133132714,412,147,0.3567961165048544
y_score_raw,per_category,ALL,Compositional,hidden,geodesic,0.5210884353741497,0.47017570485224186,0.5639647672897482,0.02882808625748948,412,147,0.3567961165048544
y_score_raw,per_category,ALL,Compositional,hidden,orthogonal,0.5047490694390964,0.4586375757157897,0.5505043807021792,0.02867688060977668,412,147,0.3567961165048544
y_score_raw,per_category,ALL,Geometric,vision,anchor,0.5044058008251023,0.4729308710519322,0.5315731088973656,0.017365929448641695,1224,433,0.35375816993464054
y_score_raw,per_category,ALL,Geometric,vision,geodesic,0.5098159724148402,0.48263027326314156,0.5381268481686018,0.01702993764155322,1224,433,0.35375816993464054
y_score_raw,per_category,ALL,Geometric,vision,orthogonal,0.5831233595034204,0.5510439630269458,0.6105253153875492,0.017495386410150596,1224,433,0.35375816993464054
y_score_raw,per_category,ALL,Geometric,projector,anchor,0.581735050495908,0.5524916597440642,0.6075615460944306,0.016954389251409723,1224,433,0.35375816993464054
y_score_raw,per_category,ALL,Geometric,projector,geodesic,0.5753818214730966,0.5463297084449915,0.6048212964074022,0.01777992052900113,1224,433,0.35375816993464054
y_score_raw,per_category,ALL,Geometric,projector,orthogonal,0.5587352519539974,0.531311899907988,0.5871394609538071,0.01710957867812769,1224,433,0.35375816993464054
y_score_raw,per_category,ALL,Geometric,hidden,anchor,0.5205355865496069,0.4949044508785722,0.5506566072207513,0.01722550941835127,1224,433,0.35375816993464054
y_score_raw,per_category,ALL,Geometric,hidden,geodesic,0.5519440705628855,0.5225851507674014,0.5779088951484037,0.01687672336668246,1224,433,0.35375816993464054
y_score_raw,per_category,ALL,Geometric,hidden,orthogonal,0.5309836702160273,0.5051895960425332,0.5592853131021539,0.01665932576809293,1224,433,0.35375816993464054
y_score_raw,per_category,ALL,Semantic,vision,anchor,0.5544616084814735,0.5287079185322042,0.5775732087259209,0.014751801672014618,1572,644,0.40966921119592875
y_score_raw,per_category,ALL,Semantic,vision,geodesic,0.5438355041229386,0.519577561643648,0.568225006734769,0.01487728918286766,1572,644,0.40966921119592875
y_score_raw,per_category,ALL,Semantic,vision,orthogonal,0.5058388774362819,0.4832051706298441,0.528824521493107,0.014117653642529638,1572,644,0.40966921119592875
y_score_raw,per_category,ALL,Semantic,projector,anchor,0.5151430980938102,0.4914093527412669,0.5398856241017352,0.01507797694613242,1572,644,0.40966921119592875
y_score_raw,per_category,ALL,Semantic,projector,geodesic,0.5280565632362391,0.5041053740407854,0.5540575369127142,0.01490199717438706,1572,644,0.40966921119592875
y_score_raw,per_category,ALL,Semantic,projector,orthogonal,0.5325442747376312,0.5069908036610761,0.5541987567542205,0.014469263605768131,1572,644,0.40966921119592875
y_score_raw,per_category,ALL,Semantic,hidden,anchor,0.4939293745984151,0.47152418078887764,0.5177529557918447,0.014469527398997352,1572,644,0.40966921119592875
y_score_raw,per_category,ALL,Semantic,hidden,geodesic,0.4944581280788178,0.4726737029524539,0.5168390606242861,0.013748739177889753,1572,644,0.40966921119592875
y_score_raw,per_category,ALL,Semantic,hidden,orthogonal,0.5003221045727135,0.47780763934303216,0.5252530831143964,0.014535905797042593,1572,644,0.40966921119592875
y_score_zscore,all_models,ALL,ALL,vision,anchor,0.5624540852967531,0.5434322204688854,0.5769686074083373,0.010076742499510481,3208,1224,0.38154613466334164
y_score_zscore,all_models,ALL,ALL,vision,geodesic,0.5443560740828589,0.5258397102892217,0.5613736902658338,0.010769722963295968,3208,1224,0.38154613466334164
y_score_zscore,all_models,ALL,ALL,vision,orthogonal,0.5587426124683745,0.5418920483622306,0.5749203938131682,0.010401738608729926,3208,1224,0.38154613466334164
y_score_zscore,all_models,ALL,ALL,projector,anchor,0.5606374690333122,0.5431967941112269,0.5788881285319977,0.010619513553446258,3208,1224,0.38154613466334164
y_score_zscore,all_models,ALL,ALL,projector,geodesic,0.5548835125448028,0.5386879339338198,0.5728260348080548,0.010154658938732075,3208,1224,0.38154613466334164
y_score_zscore,all_models,ALL,ALL,projector,orthogonal,0.5605849656730972,0.5444594534362398,0.5775342384894429,0.010295271157064696,3208,1224,0.38154613466334164
y_score_zscore,all_models,ALL,ALL,hidden,anchor,0.557289607711364,0.5419374469834537,0.5751537898941006,0.010229591141357174,3208,1224,0.38154613466334164
y_score_zscore,all_models,ALL,ALL,hidden,geodesic,0.531944897414611,0.5133350312395918,0.5486651616639329,0.0108144979097723,3208,1224,0.38154613466334164
y_score_zscore,all_models,ALL,ALL,hidden,orthogonal,0.5580252724409657,0.5426892069305584,0.5765217306174174,0.010327968224731336,3208,1224,0.38154613466334164
y_score_zscore,per_model,llava,ALL,vision,anchor,0.5524640384453469,0.5170921501232538,0.5862298460996497,0.020845799334413776,802,321,0.4002493765586035
y_score_zscore,per_model,llava,ALL,vision,geodesic,0.5350774930214182,0.5004392620451008,0.569165108349721,0.021111233578749524,802,321,0.4002493765586035
y_score_zscore,per_model,llava,ALL,vision,orthogonal,0.5619361273566881,0.5276281648612302,0.5950752030817442,0.0203579451120804,802,321,0.4002493765586035
y_score_zscore,per_model,llava,ALL,projector,anchor,0.5329369628435049,0.49954097455593177,0.5659366404780138,0.020474637427752223,802,321,0.4002493765586035
y_score_zscore,per_model,llava,ALL,projector,geodesic,0.5333547062519024,0.49766892671528434,0.5645745226425538,0.02064973501345307,802,321,0.4002493765586035
y_score_zscore,per_model,llava,ALL,projector,orthogonal,0.5405049190095919,0.5100565777347302,0.5766511571722248,0.02037267324097409,802,321,0.4002493765586035
y_score_zscore,per_model,llava,ALL,hidden,anchor,0.5712786834282161,0.5355085387835609,0.6021770736138577,0.020771279007119375,802,321,0.4002493765586035
y_score_zscore,per_model,llava,ALL,hidden,geodesic,0.5345399317361934,0.5000556493462733,0.5686483863014726,0.02136738182927014,802,321,0.4002493765586035
y_score_zscore,per_model,llava,ALL,hidden,orthogonal,0.5783349848770409,0.5471546286267953,0.6126478815537613,0.02033056340100451,802,321,0.4002493765586035
y_score_zscore,per_model,phi4,ALL,vision,anchor,0.5607773994811932,0.5255780650763595,0.5946567977914402,0.021115433648877805,802,288,0.35910224438902744
y_score_zscore,per_model,phi4,ALL,vision,geodesic,0.5473748919152616,0.5108132731825561,0.5798327384865027,0.021009701155042946,802,288,0.35910224438902744
y_score_zscore,per_model,phi4,ALL,vision,orthogonal,0.558632592952875,0.5222048671209286,0.591534457867697,0.02103501702557641,802,288,0.35910224438902744
y_score_zscore,per_model,phi4,ALL,projector,anchor,0.5592169260700389,0.5241336059778327,0.59460327887376,0.02134717647432533,802,288,0.35910224438902744
y_score_zscore,per_model,phi4,ALL,projector,geodesic,0.5439060473411155,0.5064743681934755,0.5781973704940122,0.021482175676423514,802,288,0.35910224438902744
y_score_zscore,per_model,phi4,ALL,projector,orthogonal,0.5526406452658885,0.515581097710139,0.5867552421297374,0.02106534368314026,802,288,0.35910224438902744
y_score_zscore,per_model,phi4,ALL,hidden,anchor,0.5545490164288802,0.5201447135072602,0.5897980531566288,0.021083715761765105,802,288,0.35910224438902744
y_score_zscore,per_model,phi4,ALL,hidden,geodesic,0.541271481841764,0.5073628546534626,0.5765221839252367,0.021710005308095887,802,288,0.35910224438902744
y_score_zscore,per_model,phi4,ALL,hidden,orthogonal,0.552877080631215,0.5199979451196156,0.5860351640815094,0.020154412957534614,802,288,0.35910224438902744
y_score_zscore,per_model,pixtral,ALL,vision,anchor,0.5764856994909248,0.5415161802323667,0.6113539717374508,0.021369695193728395,802,291,0.3628428927680798
y_score_zscore,per_model,pixtral,ALL,vision,geodesic,0.5481940269399668,0.5139562751556912,0.5808137423224272,0.020682013877684063,802,291,0.3628428927680798
y_score_zscore,per_model,pixtral,ALL,vision,orthogonal,0.5769396305337557,0.5457240024477716,0.6121114241522484,0.02000917351164405,802,291,0.3628428927680798
y_score_zscore,per_model,pixtral,ALL,projector,anchor,0.5834459754809989,0.5501448283163848,0.6192583833004717,0.02108982351926683,802,291,0.3628428927680798
y_score_zscore,per_model,pixtral,ALL,projector,geodesic,0.5713781346460347,0.5366824859451805,0.6067327557030865,0.02142315075152525,802,291,0.3628428927680798
y_score_zscore,per_model,pixtral,ALL,projector,orthogonal,0.5753996274402997,0.5423995286329343,0.6082353630839132,0.0203372524225004,802,291,0.3628428927680798
y_score_zscore,per_model,pixtral,ALL,hidden,anchor,0.5581199857432029,0.5257575769861434,0.5908169330725362,0.01942356847944954,802,291,0.3628428927680798
y_score_zscore,per_model,pixtral,ALL,hidden,geodesic,0.5221820969596708,0.48590972593427556,0.5563593925419372,0.02150639325571966,802,291,0.3628428927680798
y_score_zscore,per_model,pixtral,ALL,hidden,orthogonal,0.5590581098983867,0.5238025330691658,0.5908509867597259,0.02057544571918906,802,291,0.3628428927680798
y_score_zscore,per_model,qwen,ALL,vision,anchor,0.5617639082597242,0.5269961233780028,0.597865985646812,0.021550452685445223,802,324,0.40399002493765584
y_score_zscore,per_model,qwen,ALL,vision,geodesic,0.5486240250012915,0.5106710307425696,0.5817224097631799,0.021062539191303815,802,324,0.40399002493765584
y_score_zscore,per_model,qwen,ALL,vision,orthogonal,0.5440621932951082,0.508548400795674,0.5764740924624129,0.02114708281690984,802,324,0.40399002493765584
y_score_zscore,per_model,qwen,ALL,projector,anchor,0.5709489126504468,0.5364510306711194,0.6049024914848821,0.020737140746687064,802,324,0.40399002493765584
y_score_zscore,per_model,qwen,ALL,projector,geodesic,0.5728440260344027,0.5385204848047819,0.6081800504199968,0.021262384892002464,802,324,0.40399002493765584
y_score_zscore,per_model,qwen,ALL,projector,orthogonal,0.5766503951650395,0.5431589636442005,0.6076732980015345,0.020040650483751858,802,324,0.40399002493765584
y_score_zscore,per_model,qwen,ALL,hidden,anchor,0.548420631230952,0.51679190781694,0.5838804088168951,0.02033744750778977,802,324,0.40399002493765584
y_score_zscore,per_model,qwen,ALL,hidden,geodesic,0.5330627873340565,0.4963154702229679,0.5641013759095594,0.020556012586343497,802,324,0.40399002493765584
y_score_zscore,per_model,qwen,ALL,hidden,orthogonal,0.5448628544862855,0.5155987696592974,0.5769141947983484,0.019383400405761163,802,324,0.40399002493765584
y_score_zscore,per_category,ALL,Compositional,vision,anchor,0.5217302015145681,0.47153692944573417,0.5686772167865786,0.029509025033406546,412,147,0.3567961165048544
y_score_zscore,per_category,ALL,Compositional,vision,geodesic,0.5213194711847003,0.4688108072234685,0.5690537014610273,0.03048741988495913,412,147,0.3567961165048544
y_score_zscore,per_category,ALL,Compositional,vision,orthogonal,0.5393017584392248,0.4930400381261527,0.5956188896496649,0.03083418684439704,412,147,0.3567961165048544
y_score_zscore,per_category,ALL,Compositional,projector,anchor,0.5242972660762417,0.47302824011805517,0.5732961648997162,0.030143208274657,412,147,0.3567961165048544
y_score_zscore,per_category,ALL,Compositional,projector,geodesic,0.5466692337312283,0.49830867133166745,0.5955843344238971,0.02971493934654583,412,147,0.3567961165048544
y_score_zscore,per_category,ALL,Compositional,projector,orthogonal,0.5255679630342703,0.4794095698684013,0.5756157957538737,0.02975540537911059,412,147,0.3567961165048544
y_score_zscore,per_category,ALL,Compositional,hidden,anchor,0.5118983442433578,0.46093363238106333,0.5596797386693759,0.029819933158234807,412,147,0.3567961165048544
y_score_zscore,per_category,ALL,Compositional,hidden,geodesic,0.5246309844692594,0.4779261596949843,0.5751340540709884,0.02888341940539264,412,147,0.3567961165048544
y_score_zscore,per_category,ALL,Compositional,hidden,orthogonal,0.5158901296367604,0.4667743393213558,0.5640554289178856,0.02996139622327931,412,147,0.3567961165048544
y_score_zscore,per_category,ALL,Geometric,vision,anchor,0.5701482906719065,0.541871215626611,0.595792533826761,0.016530998825204094,1224,433,0.35375816993464054
y_score_zscore,per_category,ALL,Geometric,vision,geodesic,0.5501747429949518,0.5211358247567681,0.5764106981692753,0.01689325469190484,1224,433,0.35375816993464054
y_score_zscore,per_category,ALL,Geometric,vision,orthogonal,0.5599585989027833,0.5320094438927824,0.5899475893332856,0.01744039903745428,1224,433,0.35375816993464054
y_score_zscore,per_category,ALL,Geometric,projector,anchor,0.5687950178538582,0.5424852751633948,0.5970783235222686,0.016735133887156587,1224,433,0.35375816993464054
y_score_zscore,per_category,ALL,Geometric,projector,geodesic,0.5594111584424079,0.5321743973155652,0.5876256686453183,0.016938458176280896,1224,433,0.35375816993464054
y_score_zscore,per_category,ALL,Geometric,projector,orthogonal,0.5680315208917879,0.5413360388998587,0.5960000850726557,0.016937146349508218,1224,433,0.35375816993464054
y_score_zscore,per_category,ALL,Geometric,hidden,anchor,0.5786460264581624,0.5490349906440786,0.6046980789055735,0.016983185081322263,1224,433,0.35375816993464054
y_score_zscore,per_category,ALL,Geometric,hidden,geodesic,0.5416405111780043,0.5092564031779561,0.5673256361396122,0.017503742305117146,1224,433,0.35375816993464054
y_score_zscore,per_category,ALL,Geometric,hidden,orthogonal,0.5780431120311356,0.5501647536599933,0.6030304221564463,0.01638874154557719,1224,433,0.35375816993464054
y_score_zscore,per_category,ALL,Semantic,vision,anchor,0.5667434140072821,0.5453135110119827,0.5919489921736716,0.014594505800599926,1572,644,0.40966921119592875
y_score_zscore,per_category,ALL,Semantic,vision,geodesic,0.5454836755729278,0.5205091607311069,0.568539346213674,0.014986613422971553,1572,644,0.40966921119592875
y_score_zscore,per_category,ALL,Semantic,vision,orthogonal,0.562099251713429,0.5399120310117195,0.5852898558054461,0.014203389585397793,1572,644,0.40966921119592875
y_score_zscore,per_category,ALL,Semantic,projector,anchor,0.5634219720496894,0.536544917887199,0.5856797999937373,0.01466623734367621,1572,644,0.40966921119592875
y_score_zscore,per_category,ALL,Semantic,projector,geodesic,0.5543854746733776,0.529505220671296,0.578930369878025,0.014821412478567799,1572,644,0.40966921119592875
y_score_zscore,per_category,ALL,Semantic,projector,orthogonal,0.5636369873099165,0.5382698938317764,0.5871107408851796,0.014733399865881491,1572,644,0.40966921119592875
y_score_zscore,per_category,ALL,Semantic,hidden,anchor,0.5524955156350396,0.5282855591020804,0.5751397397971197,0.014549397927540501,1572,644,0.40966921119592875
y_score_zscore,per_category,ALL,Semantic,hidden,geodesic,0.5283954005140287,0.504434475158356,0.5528446816126705,0.014612568810137533,1572,644,0.40966921119592875
y_score_zscore,per_category,ALL,Semantic,hidden,orthogonal,0.5530518780788176,0.52830646387168,0.5787360785453604,0.014823184637789548,1572,644,0.40966921119592875
