run_name,model_name,sequence_id,category,num_frames,max_ambiguity_index,accuracy,answer_flip_rate,mean_vision_adjacent_jump,max_vision_adjacent_jump,vision_path_length,vision_center_distance_spearman,mean_projector_adjacent_jump,max_projector_adjacent_jump,projector_path_length,projector_center_distance_spearman,smoothness_drop_projector_minus_vision,best_hidden_layer_by_spearman,best_hidden_center_distance_spearman,mean_hidden_adjacent_jump_best_layer,mean_attention_entropy,mean_attention_jump,attention_entropy_ambiguity_spearman,attention_center_distance_spearman,boundary_index,boundary_error,center_abs_margin,mean_abs_margin,yes_no_margin_center_distance_spearman,binary_entropy_center_distance_spearman,vision_chord_boundary_index,vision_chord_boundary_error,vision_angle_boundary_index,vision_angle_boundary_error,vision_local_var_boundary_index,vision_local_var_boundary_error,vision_anchor_product_boundary_index,vision_anchor_product_boundary_error,projector_chord_boundary_index,projector_chord_boundary_error,projector_angle_boundary_index,projector_angle_boundary_error,projector_local_var_boundary_index,projector_local_var_boundary_error,projector_anchor_product_boundary_index,projector_anchor_product_boundary_error,hidden_chord_boundary_index,hidden_chord_boundary_error,hidden_angle_boundary_index,hidden_angle_boundary_error,hidden_local_var_boundary_index,hidden_local_var_boundary_error,hidden_anchor_product_boundary_index,hidden_anchor_product_boundary_error,mean_attention_entropy_content_tokens,mean_attention_jump_content_tokens,mean_center_distance_spearman_content_tokens,mean_temporal_variance_content_tokens,mean_center_vs_clear_diff_content_tokens,mean_head_entropy_spread_content_tokens,mean_head_image_mass_spread_content_tokens,mean_top_head_vs_mean_divergence_content_tokens
pixtral_internal_diag_v1_question_mean_new,mistral-community/pixtral-12b,NExTVideo_0089_3066966990,Compositional,10,7,0.6,0.1111111111111111,0.003886743709142314,0.006101707670482015,0.034980693382280825,0.7683069659820713,0.003911418492563638,0.006808827897820446,0.03520276643307274,0.579279061653149,2.4674783421324044e-05,4,0.9817255676437577,0.007921342526486056,3.4584881051026484,0.0008192628481771393,-0.26829767066040583,0.7073302226501608,5,2,2.249995459918196,3.617178480751204,0.4268372033233729,0.3597627856582714,4,3,1,6,4,3,4,3,5,2,6,1,7,0,5,2,4,3,3,4,3,4,4,3,3.9466787576675415,0.003365717284591918,0.6463534793182504,9.092033614876982e-08,0.012306097242981196,1.2702812284231186,0.14529548287391664,0.39392623579283
pixtral_internal_diag_v1_question_mean_new,mistral-community/pixtral-12b,NExTVideo_0089_6868234420,Semantic,10,4,0.2,0.1111111111111111,0.0036865524037193145,0.0067341239661347085,0.03317897163347383,0.17179207335915767,0.008394634154455552,0.017724901125973247,0.07555170739009998,0.32517785314411984,0.004708081750736238,16,0.766928898924811,0.01207518711574529,3.3858295573062827,0.0008390687063538503,0.14111491740216522,-0.11657319263657127,7,3,1.0312506275042495,0.9375003861060079,0.4540219081634881,0.42334475220649564,8,4,8,4,8,4,8,4,8,4,8,4,3,1,2,2,5,1,2,2,5,1,5,1,3.695539031028747,0.0019998722949811512,0.2650506274684147,5.821210997680737e-08,0.007844711653888226,1.226442039012909,0.12860160320997238,0.40074093034876734
pixtral_internal_diag_v1_question_mean_new,mistral-community/pixtral-12b,NExTVideo_0090_5329653093,Semantic,10,5,0.2,0.3333333333333333,0.0032443796437381994,0.005066948143481076,0.029199416793643795,0.8896375227527807,0.002323439993193436,0.004326224484476726,0.020910959938740925,0.7362517429678186,-0.0009209396505447634,19,0.8650957979871867,0.026440694739121424,3.261574887115784,0.0004619247255528425,-0.3558550091011123,0.6748974310538336,1,4,2.718743653877784,3.5468706627458486,0.2024692293161501,0.34971957790971375,4,1,4,1,2,3,8,3,2,3,4,1,2,3,8,3,1,4,4,1,1,4,1,4,3.6542901325225827,0.0011154281163961112,0.47979071916736177,3.104086871985601e-08,0.005972206545993686,1.2240786880254746,0.11805986668914556,0.4061967237437871
pixtral_internal_diag_v1_question_mean_new,mistral-community/pixtral-12b,NExTVideo_0090_7001183247,Compositional,10,3,0.3,0.2222222222222222,0.00601799569316799,0.008959600327047679,0.05416196123851191,0.8134898931211442,0.007268883793595594,0.012165461168076597,0.06541995414236035,0.5260160211159278,0.001250888100427604,14,0.752325239503013,0.01210855803047047,3.6080840881287934,0.0007386721994018489,0.3669879217087868,0.3669879217087868,9,6,1.4374951930833433,1.1218707601791802,0.25689154519615076,0.25689154519615076,3,0,3,0,3,0,3,0,3,0,3,0,3,0,3,0,3,0,8,5,3,0,3,0,4.027320218086243,0.0030720032203550326,0.5517051756355429,7.997423630001777e-08,0.010302473697811365,1.280843088030815,0.14451296348124743,0.4403321135192425
pixtral_internal_diag_v1_question_mean_new,mistral-community/pixtral-12b,NExTVideo_1009_4738042036,Semantic,10,5,0.4,0.1111111111111111,0.002301544903032557,0.006543808065873402,0.020713904127293015,0.6994391558194275,0.004725044890746445,0.01236561646705725,0.042525404016718005,0.6196785503312472,0.0024234999877138876,19,0.8650957979871867,0.007634006723444374,3.0705514958500277,0.0006177084514122047,-0.07362517429678185,0.44175104578069113,4,1,0.812508420806715,2.9296815797578484,0.16565664216775916,0.16565664216775916,2,3,8,3,8,3,2,3,4,1,8,3,8,3,4,1,4,1,8,3,5,0,4,1,3.516705870628357,0.0015318089148523989,0.18774419445679374,5.1714835080929333e-08,0.007242258079349995,1.224763911962509,0.11544920522719622,0.4730271095198818
pixtral_internal_diag_v1_question_mean_new,mistral-community/pixtral-12b,NExTVideo_1203_3339687949,Geometric,10,5,0.6,0.5555555555555556,0.0020731863136015504,0.0028938561626113968,0.018658676822413955,0.7976060548818034,0.001587123915185562,0.0028277446529025863,0.014284115236670059,0.47856363292908205,-0.00048606239841598835,40,0.7485226053506155,0.001646612422039056,3.303926368886269,0.0006357504655594272,0.10430233025377429,0.7301163117764201,2,3,0.21874562634450712,0.7062490857688587,0.4049384586323002,0.38039673386670625,3,2,4,1,4,1,3,2,6,1,5,0,6,1,6,1,8,3,1,4,1,4,8,3,3.6400693833827975,0.0018408789486388675,0.7362517429678186,4.71778307531423e-08,0.007408662757370621,1.1949070021510124,0.12256861687637866,0.4210953618921949
pixtral_internal_diag_v1_question_mean_new,mistral-community/pixtral-12b,NExTVideo_1203_3798468368,Semantic,10,4,0.2,0.4444444444444444,0.0035555594096376986,0.007607503104864799,0.03200003468673929,0.6748974310538336,0.002915137775510754,0.008389251906604889,0.026236239979596787,0.8957729539441791,-0.0006404216341269445,32,0.4724282017376836,0.013155714105093605,3.350378135157355,0.0008842070429845553,0.12884405501936821,0.5951368255656533,1,3,2.7499998421838754,1.6968752425868936,0.3067715595699244,0.37426130267530777,2,2,2,2,1,3,2,2,2,2,2,2,7,3,2,2,7,3,8,4,8,4,7,3,3.581968960762024,0.0017590652276868585,0.559551324655542,6.203123987802428e-08,0.008777137100696563,1.2105863779783248,0.11746758334338665,0.38474259393027693
pixtral_internal_diag_v1_question_mean_new,mistral-community/pixtral-12b,NExTVideo_1203_4039610385,Compositional,10,5,0.9,0.2222222222222222,0.005751449300661071,0.011543519040752348,0.05176304370594964,0.21474009169894706,0.013940358086915862,0.03200254629950694,0.12546322278224276,0.251552678847338,0.00818890878625479,1,0.6687619998624351,0.00023803443138126212,3.5955741482068477,0.0007326372244374798,0.34358414671831533,0.5276470824602699,6,1,1.4218730874027479,4.387497248981286,0.030677155956992445,0.030677155956992445,7,2,7,2,7,2,7,2,7,2,7,2,7,2,7,2,2,3,2,3,2,3,2,3,3.9273298835754398,0.002360887245204473,0.40248428615574083,6.980094866548824e-08,0.009932490810751916,1.2501376122236252,0.14020362719893456,0.34964515766029264
pixtral_internal_diag_v1_question_mean_new,mistral-community/pixtral-12b,NExTVideo_1009_5996570774,Geometric,10,5,0.5,0.1111111111111111,0.002919054630195298,0.005633232684950196,0.026271491671757685,0.6626265686710366,0.001695120796227936,0.0022910234857552725,0.015256087166051424,0.6196785503312472,-0.0012239338339673621,1,0.6810328622452322,0.00015489223972921085,3.284444734620398,0.0005150679217161095,0.24541724765593956,0.2024692293161501,5,0,0.34374724015549063,2.2999882512659218,0.8650957979871867,0.8650957979871867,3,2,3,2,3,2,3,2,2,3,2,3,3,2,2,3,3,2,3,2,3,2,3,2,3.4843821811676023,0.00112811602721759,0.40248428615574083,3.746302965623727e-08,0.007952493708580732,1.1955132752656936,0.1169452726840973,0.34542673845201355
pixtral_internal_diag_v1_question_mean_new,mistral-community/pixtral-12b,NExTVideo_1009_6118838509,Semantic,10,4,0.0,0.0,0.005547571202930455,0.015593394402500294,0.04992814082637409,0.6871682934366307,0.004342549765110528,0.010173345386320753,0.03908294788599476,0.6871682934366307,-0.0012050214378199267,23,0.6012722567570518,0.014926239741865034,3.282442598313987,0.000812475522424336,0.0061354311913984876,0.6012722567570518,0,4,0.5000078280730023,1.3343806858258045,0.5276470824602699,0.5276470824602699,1,3,7,3,1,3,1,3,2,2,7,3,1,3,2,2,1,3,1,3,1,3,1,3,3.86504508972168,0.0021094801817561452,0.5116949613626339,6.58891011084961e-08,0.008675816189497709,1.2412336826324464,0.12029667366296053,0.44575555726323257
pixtral_internal_diag_v1_question_mean_new,mistral-community/pixtral-12b,NExTVideo_1009_6416652333,Semantic,10,5,1.0,0.0,0.003654074315275868,0.007389358703096316,0.03288666883748281,0.742387174159217,0.009230046633306954,0.018972773109314445,0.08307041969976259,0.6258139815226458,0.005575972318031086,35,0.8896375227527807,0.0081441982973088,3.056183444516491,0.0005286033493435705,0.17179207335915767,0.8160123484559988,0,5,2.4374472895062063,2.1124584917681006,0.42334475220649564,0.44788647697208955,4,1,2,3,4,1,4,1,5,0,8,3,8,3,3,2,5,0,7,2,1,4,5,0,3.713494429588318,0.001366389130322649,0.6282681539992051,4.741768719895845e-08,0.007479465939104557,1.259151440858841,0.12515554539859294,0.4861726574122199
pixtral_internal_diag_v1_question_mean_new,mistral-community/pixtral-12b,NExTVideo_1009_6420147083,Semantic,10,5,0.0,0.0,0.003035065859405791,0.0047456134533868655,0.027315592734652117,0.779199761307608,0.0061576454173224195,0.019334762529462646,0.05541880875590177,0.7976060548818034,0.0031225795579166286,32,0.8160123484559988,0.008103474856522346,2.9134037342597336,0.0004960185711699872,-0.32517785314411984,0.7485226053506155,0,5,1.7812596484431324,1.5171948726490705,0.717845449393623,0.717845449393623,6,1,4,1,7,2,6,1,6,1,2,3,1,4,5,0,7,2,6,1,7,2,7,2,3.5089664268493648,0.0016235121697639027,0.6184514640929676,4.970341702659198e-08,0.008610387612134219,1.193287229537964,0.11788475196808576,0.5131412825155446
pixtral_internal_diag_v1_question_mean_new,mistral-community/pixtral-12b,NExTVideo_1009_6663748603,Semantic,10,4,0.6,0.1111111111111111,0.0010806235570969885,0.001700580157212861,0.009725612013872897,0.8589603667957882,0.0008778046017036258,0.0013134739473563695,0.007900241415332632,0.779199761307608,-0.00020281895539336274,29,0.8466895044129913,0.004051838060935207,3.070389777123004,0.00040326504706256205,0.12884405501936821,0.6933037246280291,2,2,0.8124669289552777,0.8453019106647964,-0.11657319263657127,-0.11657319263657127,5,1,4,0,6,2,5,1,4,0,2,2,1,3,4,0,6,2,2,2,6,2,6,2,3.5798552417755127,0.001348653901033835,0.823374865885677,4.720618242970431e-08,0.009099452476948499,1.232834205031395,0.11825691889971494,0.39529879027716575
pixtral_internal_diag_v1_question_mean_new,mistral-community/pixtral-12b,NExTVideo_1009_8612900766,Geometric,10,6,0.6,0.1111111111111111,0.0025507157554758297,0.005645948086426822,0.022956441799282468,0.25077507983433767,0.009482773044476558,0.021195362055913214,0.08534495740028902,0.11621284187444918,0.006932057289000728,5,0.8440722199302098,0.0025400127246449663,2.669370146860323,0.000391126329696265,0.5627148132868065,0.807373427759331,8,2,2.3124845518104316,4.831236631663641,0.36087145634697376,0.36087145634697376,4,2,7,1,3,3,4,2,5,1,8,2,8,2,5,1,6,0,1,5,1,5,6,0,3.042644259929657,0.0006792308154993629,0.45873490213598356,2.747636500544104e-08,0.005916468845680356,1.0809953153133391,0.09500189237296582,0.3037709706290184
pixtral_internal_diag_v1_question_mean_new,mistral-community/pixtral-12b,NExTVideo_0101_3122394310,Geometric,10,6,0.4,0.1111111111111111,0.0017102853754681223,0.002422777125288933,0.0153925683792131,0.8440722199302098,0.0011765489933991155,0.0016603432941481033,0.01058894094059204,0.7767911009502655,-0.0005337363820690068,18,0.9480521310810327,0.014847523340394655,3.265605077169758,0.00039867327868485053,0.8807710121010884,0.697277051246695,5,1,1.578122641598597,1.768744809193047,0.012232930723626228,0.10397991115082295,6,0,6,0,5,1,6,0,4,2,2,4,6,0,6,0,6,0,6,0,6,0,6,0,3.557477912902832,0.0009233154399793319,0.6948304651019697,3.32361594246322e-08,0.007086116215214133,1.199608913064003,0.11545914132148027,0.38933296002513346
pixtral_internal_diag_v1_question_mean_new,mistral-community/pixtral-12b,NExTVideo_0101_3404210548,Semantic,10,4,0.5,0.3333333333333333,0.0031249874013506615,0.005158936726653907,0.028124886612155953,0.7976060548818034,0.004451218578102872,0.015539371108867384,0.040060967202925846,0.34971957790971375,0.0013262311767522103,40,0.7730643301162096,0.0019678081967981547,3.531957256183105,0.0008732858620949709,0.07362517429678185,0.26382354123013496,1,3,1.250001347461243,0.8968734416209578,0.288365265995729,0.3129069907613229,1,3,8,4,8,4,1,3,4,0,3,1,4,0,1,3,4,0,1,3,2,2,4,0,4.016392469406129,0.002646492011835789,0.4564760806400475,6.651335908713918e-08,0.010237164795398712,1.2936624050140382,0.13881220519542695,0.4792312920159625
pixtral_internal_diag_v1_question_mean_new,mistral-community/pixtral-12b,NExTVideo_0101_4740074365,Geometric,10,5,0.3,0.5555555555555556,0.006354666766964784,0.029407952311673258,0.05719200090268306,0.26995897242153344,0.009591013068164813,0.044511398471305696,0.08631911761348332,0.26995897242153344,0.0032363463012000286,21,0.8896375227527807,0.016244959304917365,3.238205345727129,0.0005308529323503218,0.018406293574195463,0.4846990641204805,7,2,0.5000330579786265,0.35625908108349263,-0.042948018339789416,0.10430233025377429,6,1,8,3,5,0,6,1,6,1,8,3,4,1,6,1,5,0,3,2,3,2,5,0,3.421857404708862,0.0008399959440268465,0.28836526599572887,3.6258098745634015e-08,0.006011255178600549,1.171352133154869,0.10598901771008969,0.2664854409894506
pixtral_internal_diag_v1_question_mean_new,mistral-community/pixtral-12b,NExTVideo_1000_2594144360,Semantic,10,4,0.2,0.3333333333333333,0.0015009506384500407,0.0037923071051901847,0.013508555746050366,0.3926675962495032,0.003950065147617433,0.010247500878381444,0.0355505863285569,0.3374487155269168,0.0024491145091673923,34,0.4356156145892926,0.009107826885846179,3.3974576615004084,0.0006730479818371185,0.17179207335915767,0.46015733935488656,9,5,2.156255280495323,1.378127739017542,0.34971957790971375,0.42334475220649564,3,1,4,0,3,1,3,1,3,1,3,1,4,0,3,1,5,1,3,1,3,1,5,1,3.701255283355713,0.002003822603847367,0.4932886677884384,5.4802709392731684e-08,0.009276772662997246,1.2013217598199843,0.1294620854780078,0.3760403928140044
pixtral_internal_diag_v1_question_mean_new,mistral-community/pixtral-12b,NExTVideo_1000_2623063774,Semantic,10,4,0.5,0.3333333333333333,0.0015481161704926885,0.0024245210389367555,0.013933045534434196,0.6319494127140443,0.0012124735048344808,0.002417828292693658,0.010912261543510327,0.26995897242153344,-0.00033564266565820774,20,0.8650957979871867,0.004299011699362938,3.216255293260604,0.00036116325990664944,-0.012270862382796975,0.9632626970495626,4,0,0.12498776545925949,2.134368338689977,0.8650957979871867,0.8650957979871867,2,2,6,2,6,2,2,2,5,1,6,2,5,1,5,1,4,0,2,2,2,2,2,2,3.7184763669967653,0.0014273041946341344,0.6307223264757645,4.575316943089547e-08,0.007814779970794916,1.2616547524929047,0.12497526351362467,0.5685618848013637
pixtral_internal_diag_v1_question_mean_new,mistral-community/pixtral-12b,NExTVideo_1000_3273928480,Geometric,10,5,0.5,0.1111111111111111,0.0029072872830288774,0.004984742233548278,0.026165585547259895,0.766928898924811,0.0040459115294094,0.008387585031326639,0.0364132037646846,0.5460533760344654,0.0011386242463805227,38,0.9878044218151566,0.021552015489289818,3.34921147827597,0.0008872757772099776,0.37426130267530777,0.0981668990623758,6,1,1.3749967841897366,2.7828083254448965,0.8896375227527807,0.8896375227527807,6,1,6,1,6,1,6,1,6,1,4,1,5,0,6,1,6,1,6,1,6,1,6,1,3.5918786239624025,0.0020462907712747785,0.3227236806675605,5.353152836562458e-08,0.007979716639965773,1.1732786864042282,0.11816025897860527,0.41867516674108973
pixtral_internal_diag_v1_question_mean_new,mistral-community/pixtral-12b,NExTVideo_1000_3297776560,Geometric,10,6,1.0,0.0,0.0023181919357597846,0.00363041218428084,0.020863727421838063,0.6299959322667508,0.002241772518389763,0.004832102649984016,0.020175952665507868,0.49543369430686224,-7.641941737002167e-05,40,0.30582326809065574,0.008523892584595825,2.9500129840573854,0.1994664610932315,0.1223293072362623,-0.11621284187444918,6,0,2.2031025555877086,3.2921681402850047,0.7462087741411999,0.7462087741411999,1,5,1,5,1,5,7,1,7,1,4,2,6,0,7,1,5,1,5,1,5,1,7,1,3.0844287490844726,0.20101738594957336,-0.013456223795988856,4.577482195600169e-06,0.007656888756901026,1.077203980088234,0.08807529080659152,0.25094265343910505
pixtral_internal_diag_v1_question_mean_new,mistral-community/pixtral-12b,NExTVideo_1000_3298675598,Geometric,10,4,1.0,0.0,0.002406112656416203,0.0034148078071628563,0.021655013907745824,0.5583242384172624,0.001231842225280339,0.0017471097871950558,0.011086580027523052,0.8405540732215928,-0.0011742704311358638,12,0.7914706236904049,0.005449216683604491,3.4052426144322707,0.0004827227830632102,0.3374487155269168,0.24541724765593956,9,5,4.421847789127096,3.953104392607108,0.4724282017376836,0.4724282017376836,3,1,2,2,5,1,3,1,7,3,1,3,4,0,4,0,5,1,3,1,3,1,3,1,3.6122803688049316,0.0011200325185886958,0.35278729350541305,3.13126347073478e-08,0.0068110665888525546,1.1724573448300362,0.11036405293270946,0.3571798614203229
pixtral_internal_diag_v1_question_mean_new,mistral-community/pixtral-12b,NExTVideo_1000_3380344744,Semantic,10,5,0.6,0.1111111111111111,0.002619078727389189,0.005954107485229065,0.0235717085465027,0.2024692293161501,0.005442796896069203,0.010892103143987475,0.04898517206462283,0.26995897242153344,0.0028237181686800138,1,0.2024692293161501,0.00016356370345145996,3.325561630318866,0.0006894841261957138,-0.754658036542014,-0.11657319263657127,4,1,1.656231479828982,2.334360282301747,-0.07362517429678185,-0.07362517429678185,4,1,4,1,8,3,7,2,4,1,4,1,7,2,4,1,8,3,1,4,5,0,4,1,3.65568868637085,0.0013107234202707776,-0.04172093210150972,4.607450136973057e-08,0.007221633661538362,1.1968159914016723,0.11232746876776219,0.37748239339805434
pixtral_internal_diag_v1_question_mean_new,mistral-community/pixtral-12b,NExTVideo_1000_3388598772,Semantic,10,4,0.4,0.2222222222222222,0.0017462039129318122,0.004952949369731785,0.01571583521638631,0.8282832108387959,0.0014226446592373351,0.0031316455622062422,0.012803801933136016,0.803741486073202,-0.00032355925369447706,1,0.8282832108387959,0.00013947238368556332,3.419045977789197,0.0006312769367670112,0.6074076879484503,0.6626265686710366,7,3,1.4687310429509388,0.818743948201109,0.5644596696086609,0.5644596696086609,4,0,4,0,1,3,4,0,1,3,1,3,1,3,1,3,4,0,4,0,8,4,4,0,3.6867997837066655,0.0013820692479034574,0.5018782714563963,4.521438725646476e-08,0.010061007551848888,1.202324315905571,0.1245094321668148,0.41477521383964444
pixtral_internal_diag_v1_question_mean_new,mistral-community/pixtral-12b,NExTVideo_1000_3664990087,Geometric,10,4,0.8,0.4444444444444444,0.0021431142461751807,0.003587903242735724,0.019288028215576625,0.8221477796473973,0.0027821940879838828,0.005776386318489646,0.025039746791854944,0.5521888072258639,0.000639079841808702,36,0.8221477796473973,0.014547565752028523,2.80822692028034,0.0004427918870239214,0.8835020915613823,0.6933037246280291,3,1,2.7500023661606185,2.0734286552903733,-0.23928181646454103,-0.288365265995729,5,1,3,1,3,1,5,1,5,1,3,1,4,0,5,1,4,0,3,1,4,0,4,0,3.2942224550247197,0.0012122023662746299,0.35708209533939195,3.434707913640978e-08,0.006235702428966761,1.16879341006279,0.10614930670708418,0.31295957646932904
pixtral_internal_diag_v1_question_mean_new,mistral-community/pixtral-12b,NExTVideo_1000_3669067230,Compositional,10,3,0.0,0.0,0.0031068832724720804,0.011857455412271012,0.027961949452248724,0.6728111897994424,0.002643596580769378,0.01439752212779577,0.023792369226924404,0.703393516608508,-0.0004632866917027023,7,0.8868874774629015,0.008167329558707494,2.934452911371699,0.000911075419909165,0.28135740664340325,0.6911605858848819,0,3,2.9218686101610203,2.3124918114330044,-0.15291163404532787,-0.15291163404532787,2,1,2,1,1,2,2,1,2,1,2,1,1,2,2,1,3,0,7,4,1,2,3,0,3.3084407663345337,0.0030181870401697446,0.5198995557541147,1.077299643270635e-07,0.012925737537443638,1.1778425514698028,0.11091164629906416,0.3050553397407448
pixtral_internal_diag_v1_question_mean_new,mistral-community/pixtral-12b,NExTVideo_1000_3824469712,Geometric,10,6,0.1,0.1111111111111111,0.0032869669925821793,0.004733066352078152,0.029582702933239613,0.7584417048648262,0.004028657373138918,0.008638073643806976,0.036257916358250264,0.5688312786486196,0.0007416903805567386,37,0.5321324864777409,0.02090899919012744,3.3343465965259163,0.0004950673044160389,-0.2201927530252721,0.3302891295379082,0,6,2.4218704110488574,1.7484346309858938,0.7584417048648262,0.7584417048648262,3,3,6,0,1,5,3,3,3,3,3,3,3,3,3,3,8,2,6,0,8,2,8,2,3.7011604487895964,0.0011279946851671416,0.4480310877528106,3.484227617533975e-08,0.005974698637146503,1.1944934725761414,0.11738447844982147,0.34200509666111933
pixtral_internal_diag_v1_question_mean_new,mistral-community/pixtral-12b,NExTVideo_1000_4116558765,Geometric,10,6,0.7,0.4444444444444444,0.003380709479123118,0.009558222749275314,0.030426385312108062,0.3669879217087868,0.0038172708622009363,0.006793212537659299,0.03435543775980843,0.3119397334524688,0.0004365613830778184,5,0.7278593780557606,0.0027092543597288955,2.9273902426361045,0.00042703994742010476,0.538248951839554,0.5260160211159278,3,3,6.484362866913344,4.4515550111661915,0.5994136054576852,0.38533731779422625,6,0,3,3,7,1,6,0,6,0,3,3,7,1,6,0,1,5,5,1,1,5,1,5,3.2192661142349244,0.0007279293791431268,0.4159196446032918,2.5333721431763935e-08,0.005134417302906513,1.1501620799303054,0.09867711253464222,0.31334836724296444
pixtral_internal_diag_v1_question_mean_new,mistral-community/pixtral-12b,NExTVideo_1000_4227464140,Semantic,10,4,0.1,0.1111111111111111,0.0006492092163975505,0.0010752249338028541,0.005842882947577954,0.9387209722839688,0.0006865624458256065,0.0010020069236411633,0.0061790620124304585,0.6196785503312472,3.735322942805604e-05,4,0.8221477796473973,0.001303293583147057,3.395080344402538,0.0003559048418627395,0.5521888072258639,0.8650957979871867,8,4,1.5468474993411157,1.718725539440954,0.4356156145892926,0.4540219081634881,6,2,3,1,8,4,6,2,5,1,6,2,5,1,6,2,6,2,6,2,8,4,6,2,3.592979001998901,0.0009053401204458103,0.847916590651271,3.300243047732465e-08,0.006162590021267534,1.2484799146652221,0.1165928477421403,0.45467240391374497
pixtral_internal_diag_v1_question_mean_new,mistral-community/pixtral-12b,NExTVideo_1000_4405872555,Geometric,10,5,0.6,0.1111111111111111,0.0027963933308286443,0.005097016999873638,0.025167539977457798,0.6196785503312472,0.005239039598570749,0.01694903454090313,0.047151356387136745,0.3067715595699244,0.002442646267742105,31,0.9632626970495626,0.028296062241842716,3.306733580734039,0.001079391679219061,0.11657319263657127,0.3865321650581048,6,1,1.2812472775704364,1.9046801664023216,0.717845449393623,0.717845449393623,6,1,4,1,4,1,5,0,5,0,5,0,5,0,5,0,5,0,8,3,6,1,6,1,3.5533776092529292,0.0016762791866841795,0.3411299742417559,4.3566577545561814e-08,0.007346369978040457,1.1947172641754151,0.12183650508522988,0.44196593004223417
pixtral_internal_diag_v1_question_mean_new,mistral-community/pixtral-12b,NExTVideo_1000_4550392934,Semantic,10,5,0.0,0.0,0.0032705758050271725,0.006015314826125717,0.02943518224524455,0.27609440361293197,0.0022882484533348992,0.004970465701904958,0.020594236080014094,0.3129069907613229,-0.0009823273516922732,3,0.8405540732215928,0.0026811750277074336,3.1348111687224884,0.00037465151413245627,0.14111491740216522,0.22701095408174404,9,4,2.4999953622867146,1.5046846259908495,0.2945006971871274,0.3681258714839093,2,3,4,1,2,3,2,3,2,3,3,2,2,3,2,3,4,1,8,3,1,4,4,1,3.6420860433578497,0.0018312334554515999,0.5276470824602699,4.4657364384192987e-08,0.008025738317519427,1.203127247095108,0.12197892926633358,0.4591791933689421
pixtral_internal_diag_v1_question_mean_new,mistral-community/pixtral-12b,NExTVideo_1000_4638541063,Geometric,10,5,0.4,0.3333333333333333,0.002952392010790487,0.005835767875239206,0.026571528097114383,0.41720932101509717,0.0023530911871278487,0.004581240423295996,0.02117782068415064,0.5521888072258639,-0.0005993008236626382,16,0.779199761307608,0.011244229821927113,2.794560300289243,0.0005721984655229587,0.2024692293161501,0.5337825136516684,3,2,1.546875140456006,6.143741921488429,0.5215116512688716,0.5215116512688716,4,1,4,1,4,1,4,1,4,1,8,3,4,1,4,1,5,0,8,3,2,3,8,3,3.0342162823677064,0.0009739537270491569,0.34726540543315443,3.3511433983335336e-08,0.006390180438756943,1.0915191233158112,0.09425123501569033,0.33278881719278797
pixtral_internal_diag_v1_question_mean_new,mistral-community/pixtral-12b,NExTVideo_1001_3098102850,Geometric,10,5,0.6,0.1111111111111111,0.004541810308708014,0.011310743612597318,0.040876292778372125,0.41720932101509717,0.004474592662442533,0.010304999164652773,0.04027133396198279,0.20860466050754858,-6.721764626548173e-05,9,0.803741486073202,0.00814210994452528,2.9287256628240246,0.00045569478199096,-0.09203146787097732,0.969398128240961,2,3,2.687496432401673,3.7468679089734267,0.6135431191398488,0.6871682934366307,4,1,8,3,4,1,4,1,4,1,8,3,4,1,4,1,4,1,8,3,7,2,4,1,3.164309160709381,0.0010603740227049575,0.7325704842529793,4.4858260928037905e-08,0.007526251208037138,1.1118910014629364,0.09959917422384024,0.2792686279149585
pixtral_internal_diag_v1_question_mean_new,mistral-community/pixtral-12b,NExTVideo_1001_3249160519,Semantic,10,5,0.0,0.0,0.0036717736566205497,0.005705901237046285,0.03304596290958495,0.5705951008000594,0.004107977203304753,0.008247510479080788,0.03697179482974278,0.3374487155269168,0.00043620354668420314,1,0.8160123484559988,0.0001875118802431297,3.2234771366270536,0.0005873659985003875,-0.34358414671831533,0.22087552289034557,1,4,6.734370259273959,5.857808113928128,0.34358414671831533,0.42334475220649564,3,2,1,4,8,3,7,2,7,2,5,0,5,0,7,2,3,2,6,1,1,4,3,2,3.3914927387237546,0.0011898993367347752,0.36199044029251076,4.1247350779372026e-08,0.0088862051256001,1.203740257024765,0.10999554358422756,0.3116496214905588
pixtral_internal_diag_v1_question_mean_new,mistral-community/pixtral-12b,NExTVideo_1101_2574374895,Semantic,10,5,0.9,0.2222222222222222,0.010888834920014492,0.03488598953264477,0.09799951428013043,0.7730643301162096,0.01865612388365982,0.07657291288870238,0.16790511495293836,0.5337825136516684,0.007767288963645327,1,0.9387209722839688,0.00033808246939096936,3.255258790233646,0.0005994304423833826,-0.5828659631828563,0.6810328622452322,5,0,0.12501103588722273,1.6796890777285136,0.6687619998624351,0.6687619998624351,7,2,5,0,8,3,7,2,7,2,1,4,7,2,7,2,3,2,4,1,3,2,3,2,3.4675034809112546,0.0011168915818620217,0.4761094604525226,4.8272849895170114e-08,0.0076459539122879505,1.2150148719549179,0.11063524764031171,0.3585055890520676
pixtral_internal_diag_v1_question_mean_new,mistral-community/pixtral-12b,NExTVideo_1101_3483300439,Semantic,10,3,1.0,0.0,0.0016963845744671297,0.0038667656923920823,0.015267461170204166,0.966401527166472,0.002393743792487838,0.010242810286711812,0.021543694132390545,0.9052368735483408,0.0006973592180207085,3,0.4587349021359835,0.0025157242348369615,3.4867018055004264,0.0007793949665828458,-0.09786344578900982,0.38533731779422625,2,1,3.328121311253174,3.9859348206285503,0.2079598223016459,-0.11009637651263605,6,3,4,1,7,4,6,3,6,3,1,2,8,5,8,5,8,5,4,1,8,5,8,5,3.7816154432296756,0.0017030383586671735,0.3608714563469737,5.515288918900296e-08,0.00803771922364831,1.2753654569387436,0.12704885490238665,0.33631197262713275
pixtral_internal_diag_v1_question_mean_new,mistral-community/pixtral-12b,NExTVideo_1101_3812429626,Compositional,10,4,0.0,0.0,0.0042525372304510235,0.00969762265063523,0.03827283507405921,0.9387209722839688,0.013140840626199801,0.03851870057040585,0.11826756563579821,0.576730531991458,0.008888303395748778,20,0.46015733935488656,0.02501351308703846,3.44063033165983,0.00088426797325832,-0.07362517429678185,-0.036812587148390925,3,1,1.9374872212943153,3.3828035753243797,0.49696992650327754,0.49696992650327754,8,4,1,3,8,4,8,4,3,1,8,4,1,3,8,4,8,4,8,4,8,4,8,4,4.096401410102844,0.003895859055160103,0.40248428615574083,1.0733459276934809e-07,0.011626075021922588,1.232804509997368,0.1515021201223135,0.4041782795383403
pixtral_internal_diag_v1_question_mean_new,mistral-community/pixtral-12b,NExTVideo_1101_4542514917,Semantic,10,4,0.9,0.2222222222222222,0.0011196667532939525,0.002613792172655449,0.010077000779645573,0.8896375227527807,0.003392653665810553,0.012008890444528575,0.03053388299229498,0.26382354123013496,0.0022729869125166008,23,0.8712312291785852,0.0021173567284577593,3.420019826060423,0.00033873216028137667,-0.20860466050754858,0.8957729539441791,8,4,1.6562084450622336,1.0515308924219382,0.5276470824602699,0.5276470824602699,2,2,5,1,2,2,2,2,2,2,8,4,2,2,2,2,5,1,5,1,4,0,5,1,3.831741304397583,0.0010116912283615034,0.6798057760069525,3.042311682577292e-08,0.006693613529205322,1.2671972811222076,0.13368535060435532,0.37576672338818895
pixtral_internal_diag_v1_question_mean_new,mistral-community/pixtral-12b,NExTVideo_1103_2831643292,Geometric,10,4,0.5,0.1111111111111111,0.0038066645269935564,0.005915563139674118,0.03425998074294201,0.576730531991458,0.01023889172967486,0.01666911200885879,0.09215002556707375,0.3681258714839093,0.0064322272026813045,21,0.8712312291785852,0.0115289643354805,2.967903444684673,0.0006273663448214858,-0.14111491740216522,0.18406293574195465,6,2,1.3906192912821638,5.207797732174601,0.47856363292908205,0.47856363292908205,1,3,1,3,5,1,6,2,8,4,1,3,8,4,8,4,4,0,8,4,4,0,4,0,3.6702147102355958,0.0019199587577447604,0.04172093210150971,5.52163676559303e-08,0.009877067198976875,1.185988834500313,0.11745555363595486,0.3673467563861478
pixtral_internal_diag_v1_question_mean_new,mistral-community/pixtral-12b,NExTVideo_1103_3441428429,Compositional,10,3,0.1,0.2222222222222222,0.005112620996401763,0.009097031585545423,0.04601358896761587,0.5260160211159278,0.0031818363223524468,0.008083440942797449,0.02863652690117202,0.8807710121010884,-0.0019307846740493164,1,0.6850441205230687,0.0002338964989415906,3.342213438234713,0.0007202922287391253,0.38533731779422625,0.7156264473321343,7,4,1.3280920256265532,1.4202893921648834,0.3486385256233475,0.23242568374889835,3,0,3,0,8,5,3,0,8,5,3,0,8,5,3,0,8,5,8,5,8,5,8,5,3.9411121129989626,0.001869126538101034,0.24710520061724983,5.821219843937797e-08,0.008628422580659389,1.258494535088539,0.13533181883394718,0.41078205929485945
pixtral_internal_diag_v1_question_mean_new,mistral-community/pixtral-12b,NExTVideo_1103_3650010049,Geometric,10,4,0.7,0.4444444444444444,0.005422348727266398,0.0090788565417107,0.04880113854539758,0.4294801833978941,0.008030903699343192,0.01652453066290338,0.07227813329408872,0.27609440361293197,0.002608554972076794,25,0.7117100182022246,0.03089742997396277,3.2824013722005247,0.2223003013943745,0.10430233025377429,0.5092407888860745,1,3,0.6249910362238111,2.5078078882758414,0.7362517429678186,0.7362517429678186,2,2,2,2,8,4,2,2,5,1,5,1,8,4,8,4,3,1,7,3,3,1,3,1,3.9380846405029297,0.2227497269966602,0.4221176659682159,4.340064106145292e-06,0.05693542957305908,1.2170632511377335,0.13483007308095693,0.4389108729099725
pixtral_internal_diag_v1_question_mean_new,mistral-community/pixtral-12b,NExTVideo_1104_4760431362,Geometric,10,4,1.0,0.0,0.002613090414579294,0.0038579613960566528,0.023517813731213644,0.8344186420301943,0.009872369696768302,0.019733703569810634,0.08885132727091472,0.6319494127140443,0.007259279282189008,1,0.6748974310538336,0.00015941541411367154,2.9877877628721707,0.0003934743412711396,0.42334475220649564,0.6933037246280291,4,0,2.703125279693335,3.62812051107025,0.34358414671831533,0.34358414671831533,4,0,4,0,7,3,4,0,4,0,3,1,7,3,4,0,5,1,8,4,7,3,5,1,3.5335031795501712,0.001040075430553516,0.7632476402099719,3.325014734656406e-08,0.006511554261669517,1.2096387952566148,0.12136437240988016,0.41537951148652397
pixtral_internal_diag_v1_question_mean_new,mistral-community/pixtral-12b,NExTVideo_1104_4839268164,Semantic,10,4,0.1,0.2222222222222222,0.0024569449044321446,0.005162948834674164,0.0221125041398893,0.7730643301162096,0.001337916732872979,0.0030758831667927478,0.012041250595856812,0.6810328622452322,-0.0011190281715591655,20,0.969398128240961,0.014229068826584245,3.52706873534299,0.0008714517972292749,0.42334475220649564,0.6503557062882397,1,3,0.6718771034699387,1.0375012545622504,0.7055745870108261,0.7055745870108261,7,3,1,3,6,2,7,3,6,2,1,3,6,2,7,3,7,3,7,3,7,3,7,3,3.890160617828369,0.0023873832104586083,0.6859412071983508,7.424817098922176e-08,0.010274673160165549,1.2644076287746429,0.13897739201784134,0.49406733642228573
pixtral_internal_diag_v1_question_mean_new,mistral-community/pixtral-12b,NExTVideo_1104_5508995205,Compositional,10,4,0.5,0.5555555555555556,0.0036506295870097536,0.007008271086580642,0.03285566628308778,0.5521888072258639,0.004882908328818251,0.00821197094614956,0.04394617495936426,0.5215116512688716,0.0012322787418084977,19,0.6687619998624351,0.0189643296422272,3.259204151573735,0.0008396605117135186,-0.21474009169894706,0.503105357694676,7,3,1.2343662645566695,0.814056864417882,0.25768811003873643,0.31904242195272137,2,2,3,1,3,1,2,2,2,2,2,2,6,2,2,2,8,4,5,1,5,1,8,4,3.7170819187164303,0.0018233566478296534,0.4405239595424114,6.384014454852149e-08,0.007807622477412224,1.2002923846244813,0.12757131047546863,0.44814639028586384
pixtral_internal_diag_v1_question_mean_new,mistral-community/pixtral-12b,NExTVideo_1105_2623764605,Geometric,10,3,0.7,0.3333333333333333,0.010050163944598555,0.027139777004343224,0.09045147550138699,0.5994136054576852,0.008082947792299407,0.020456744258660953,0.07274653013069465,0.7706746355884525,-0.001967216152299148,19,0.5198995557541147,0.029181928308282184,3.251974835108173,0.0007538044452298035,-0.5749477440104327,0.2997068027288426,6,3,2.9843440607346174,2.839052736284815,0.4587349021359835,0.25689154519615076,4,1,8,5,5,2,4,1,3,0,7,4,4,1,3,0,6,3,6,3,8,5,6,3,3.6690820884704594,0.001472903443139215,0.2519983729067003,5.7030244704492364e-08,0.008295970037579536,1.2117165863513946,0.11792198587208987,0.3698593776054242
pixtral_internal_diag_v1_question_mean_new,mistral-community/pixtral-12b,NExTVideo_1105_4375052499,Compositional,10,4,0.1,0.2222222222222222,0.003117037736032829,0.006464074143474496,0.02805333962429546,0.7117100182022246,0.0059267848796392564,0.01634530361921549,0.053341063916753306,0.6748974310538336,0.0028097471436064276,13,0.6871682934366307,0.004766628493843029,3.239777318191405,0.0005690973848454764,-0.11657319263657127,0.5583242384172624,6,2,0.999995852662817,1.8078045516554646,0.19019836693335312,0.25768811003873643,3,1,2,2,2,2,5,1,6,2,2,2,2,2,5,1,4,0,2,2,1,3,4,0,3.905469040870666,0.0013614771498051631,0.5006511852181166,4.739234924500124e-08,0.007898539304733276,1.282644897699356,0.13211708068847655,0.38351286823706954
pixtral_internal_diag_v1_question_mean_new,mistral-community/pixtral-12b,NExTVideo_1105_6253141636,Geometric,10,4,0.8,0.2222222222222222,0.00831703683507776,0.01570280708986982,0.07485333151569984,0.6258139815226458,0.009517601815285456,0.030506584565974104,0.0856584163375691,0.32517785314411984,0.0012005649802076957,1,0.717845449393623,0.00031996339628170833,3.009509113792578,0.22170103877861344,-0.0490834495311879,0.7362517429678186,4,0,0.03125615794296266,2.4546842732951655,-0.036812587148390925,-0.036812587148390925,6,2,1,3,2,2,6,2,3,1,3,1,3,1,3,1,6,2,5,1,3,1,6,2,3.749129943847657,0.22119165700408736,0.1558399522615216,4.824583402296412e-06,0.010606741439551115,1.2563262045383454,0.12938361801207066,0.39631165271929186
pixtral_internal_diag_v1_question_mean_new,mistral-community/pixtral-12b,NExTVideo_1105_6709738709,Semantic,10,4,1.0,0.0,0.003059349092595519,0.013029295888364434,0.02753414183335967,0.9203146787097731,0.005030020862133506,0.028327506304957506,0.04527018775920155,0.8650957979871867,0.0019706717695379865,4,0.9448564034753671,0.0030055948095565827,3.513220315165686,0.0011948232233170615,0.32517785314411984,0.49696992650327754,3,1,1.6875023414859527,2.9718768594438374,0.17179207335915767,0.17179207335915767,1,3,1,3,1,3,1,3,1,3,1,3,1,3,1,3,7,3,6,2,7,3,7,3,3.341345024108887,0.0016404402704357107,0.4650656843080053,6.997018147103517e-08,0.008254616893827916,1.1429102808237075,0.10148858819156885,0.27301378169584545
pixtral_internal_diag_v1_question_mean_new,mistral-community/pixtral-12b,NExTVideo_1106_2797596111,Compositional,10,4,1.0,0.0,0.0038318456524795153,0.009090018695439683,0.03448661087231564,0.7485226053506155,0.0031046818985746632,0.00928268101879215,0.02794213708717197,0.766928898924811,-0.000727163753904852,24,0.7117100182022246,0.009061259477851536,3.228084953982086,0.0991611784618863,0.3988030274409017,-0.030677155956992445,6,2,3.9999925657028754,5.037492867359715,0.6503557062882397,0.5092407888860745,5,1,5,1,8,4,5,1,8,4,8,4,8,4,8,4,6,2,6,2,6,2,6,2,3.742988295555115,0.10015244553763089,-0.029450069718712744,2.0485960249061463e-06,0.00856661880388856,1.2038611084222794,0.11968205589801073,0.33886958853680343
pixtral_internal_diag_v1_question_mean_new,mistral-community/pixtral-12b,NExTVideo_1106_3459862895,Semantic,10,4,1.0,0.0,0.004922185148143009,0.008370267444684387,0.04429966633328708,0.8344186420301943,0.007697894707491616,0.018691524940739668,0.06928105236742454,0.3129069907613229,0.002775709559348607,1,0.6074076879484503,0.00019407926294720855,3.406568208933386,0.0006149607846436009,0.5521888072258639,0.47856363292908205,4,0,0.25001362145134465,2.385938409698774,0.06135431191398489,0.06135431191398489,3,1,3,1,3,1,7,3,7,3,1,3,3,1,3,1,3,1,6,2,2,2,3,1,3.898288388252258,0.0018872747100894729,0.49574284026499776,5.463395638116708e-08,0.008623778540641069,1.2796787440776825,0.13040209859609603,0.442913962471866
pixtral_internal_diag_v1_question_mean_new,mistral-community/pixtral-12b,NExTVideo_1106_4229009987,Semantic,10,3,1.0,0.0,0.004254828687123186,0.012323299369865648,0.038293458184108675,0.38533731779422625,0.00856549169088557,0.029725209596061952,0.07708942521797013,0.3792208524324131,0.004310663003762385,1,0.7278593780557606,0.0002359306474553439,3.507047740679165,0.0009077689273103337,-0.1345622379598885,0.697277051246695,6,3,3.4218733751212476,2.9671864402620654,0.5994136054576852,0.5994136054576852,8,5,8,5,2,1,8,5,3,0,3,0,2,1,2,1,8,5,8,5,8,5,8,5,3.8331784057617186,0.0019426647736628575,0.3192794918866445,6.157484904179e-08,0.009929396212100983,1.301250347495079,0.13042610958218576,0.4257195156609927
pixtral_internal_diag_v1_question_mean_new,mistral-community/pixtral-12b,NExTVideo_1106_6016405951,Compositional,10,4,0.9,0.1111111111111111,0.006402500138805685,0.011448836364967296,0.05762250124925117,0.3619904402925108,0.019493719771145643,0.05645698215808137,0.1754434779403108,0.44175104578069113,0.01309121963233996,1,0.5583242384172624,0.00024092388709392085,3.3460527271601825,0.0007250013986911633,-0.5890013943742548,0.030677155956992445,0,4,1.0312503457004567,2.4999979657339404,0.23928181646454103,0.16565664216775916,2,2,6,2,6,2,2,2,6,2,6,2,6,2,7,3,2,2,6,2,6,2,2,2,3.7758004140853885,0.002093523334650135,0.16074829721464037,6.385550541665452e-08,0.007884771935641766,1.2327152013778686,0.13207292091101408,0.3577158261292158
pixtral_internal_diag_v1_question_mean_new,mistral-community/pixtral-12b,NExTVideo_1106_7828681900,Geometric,10,4,1.0,0.0,0.0031129569205732657,0.006619948954025623,0.028016612285159392,0.11657319263657127,0.006639878981655338,0.016799659025016678,0.05975891083489804,-0.11657319263657127,0.003526922061082072,1,0.3558550091011123,0.00019127260980548547,2.777585887017474,0.00043991244286082737,-0.2024692293161501,0.3558550091011123,1,3,2.2031220624895838,1.3718743549494925,0.27609440361293197,0.27609440361293197,1,3,1,3,1,3,1,3,1,3,1,3,1,3,1,3,8,4,8,4,8,4,8,4,3.535414776802063,0.0013350932670298176,0.26382354123013496,3.889984263594215e-08,0.006257382035255432,1.1699328929185868,0.11021151803433896,0.32187859004669545
pixtral_internal_diag_v1_question_mean_new,mistral-community/pixtral-12b,NExTVideo_0051_2400074985,Geometric,10,6,0.1,0.2222222222222222,0.0014753438828839875,0.003119431106375581,0.013278094945955887,0.9297027349955934,0.0034622098072601107,0.010921687641399225,0.031159888265340996,0.703393516608508,0.0019868659243761234,16,0.9297027349955934,0.004685299939527993,3.164277627744934,0.00048030191355788145,-0.593297140095872,0.30582326809065574,8,2,3.2968855432205615,2.450005562023504,0.49543369430686224,0.5688312786486196,5,1,4,2,4,2,5,1,6,0,3,3,4,2,6,0,2,4,8,2,4,2,2,4,3.4687588644027714,0.001427715980861762,0.4477252644847199,4.579845320762388e-08,0.008797635370865465,1.142718207836151,0.1127326399087906,0.41438920947662183
pixtral_internal_diag_v1_question_mean_new,mistral-community/pixtral-12b,NExTVideo_0051_3702633786,Geometric,10,5,0.0,0.0,0.005830795481628657,0.02043212762605573,0.05247715933465791,0.27609440361293197,0.012111929716984727,0.04180090100497058,0.10900736745286255,0.32517785314411984,0.00628113423535607,17,0.5644596696086609,0.009610562727313051,3.640000381448138,0.0013245683068037442,0.28222983480433045,0.34971957790971375,8,3,2.6562516294789447,2.084377899333073,0.1963337981247516,0.1963337981247516,5,0,4,1,5,0,5,0,2,3,2,3,5,0,2,3,3,2,3,2,3,2,3,2,4.055111389160156,0.002395613248015925,0.24173598894110046,6.929022191570767e-08,0.01054189670830965,1.2941055387258529,0.1383057702332735,0.42714934638592916
pixtral_internal_diag_v1_question_mean_new,mistral-community/pixtral-12b,NExTVideo_0051_6783561967,Geometric,10,3,0.5,0.7777777777777778,0.0043090728662545435,0.014590782619472109,0.03878165579629089,0.8807710121010884,0.017638030240865618,0.087732122635788,0.15874227216779058,0.8746545467392752,0.013328957374611074,1,0.7217429126939475,0.0002194133062009613,2.885533386206395,0.0006213592354374539,-0.38533731779422625,0.47096783285960975,6,3,0.37500313043813094,1.1218725818309014,0.43426904068873107,0.43426904068873107,7,4,1,2,8,5,7,4,8,5,8,5,8,5,8,5,8,5,8,5,8,5,8,5,3.410762071609497,0.0014383786308321083,0.5413071845204606,5.0808216744968604e-08,0.006056010082829744,1.163649257272482,0.11160404281690717,0.37664159908665495
pixtral_internal_diag_v1_question_mean_new,mistral-community/pixtral-12b,NExTVideo_0051_8697708107,Geometric,10,5,0.4,0.3333333333333333,0.005095861766080641,0.01260689719964958,0.04586275589472577,0.7362517429678186,0.004414457785813015,0.017611952800197006,0.03973012007231713,0.6933037246280291,-0.0006814039802676263,1,0.8160123484559988,0.00019256293109353665,3.384870194336334,0.0004926062671722661,-0.5828659631828563,0.251552678847338,4,1,0.7499948433341501,1.5265596979449625,0.12884405501936821,0.12884405501936821,7,2,7,2,8,3,7,2,7,2,7,2,7,2,7,2,7,2,1,4,7,2,7,2,3.6411869645118715,0.0014391269520628827,0.5890013943742548,4.1521689642110005e-08,0.005985051393508911,1.1615771763026714,0.11253900197334588,0.3165903896104731
pixtral_internal_diag_v1_question_mean_new,mistral-community/pixtral-12b,NExTVideo_0051_11585666326,Geometric,10,5,1.0,0.0,0.002358680542917423,0.005055370283928107,0.021228124886256805,0.6564911374796382,0.0054622759140208815,0.015595782925379775,0.049160483226187934,0.5828659631828563,0.0031035953711034585,1,0.9264501099011717,0.00018952472685440647,2.639209160195724,0.00039493760444992484,-0.37426130267530777,0.41107388982369863,7,2,3.6874968878989236,3.2328093504869506,-0.1472503485935637,-0.1472503485935637,4,1,8,3,3,2,4,1,4,1,7,2,4,1,7,2,5,0,7,2,8,3,5,0,3.2502376973628997,0.0014051963347394743,0.08896375227527809,4.376605500233666e-08,0.006960061902645975,1.1094460040330887,0.10893939179368317,0.32314624896235394
pixtral_internal_diag_v1_question_mean_new,mistral-community/pixtral-12b,NExTVideo_0052_5455648195,Semantic,10,4,0.1,0.1111111111111111,0.002577224387798813,0.008775918096581736,0.023195019490189317,0.717845449393623,0.0016731668326496196,0.006396741154220176,0.015058501493846577,0.49696992650327754,-0.0009040575551491933,11,0.8405540732215928,0.011842580860455223,3.026558385042999,0.0005083717051062401,0.22087552289034557,0.5276470824602699,0,4,6.499999243361561,5.548435299042588,0.576730531991458,0.576730531991458,1,3,8,4,1,3,1,3,1,3,5,1,1,3,1,3,6,2,7,3,1,3,1,3,3.4531994867324824,0.001285236779256032,0.5043324439329557,5.147473878253095e-08,0.007429013354703784,1.1817454934120177,0.11276124063879252,0.44226783406150816
pixtral_internal_diag_v1_question_mean_new,mistral-community/pixtral-12b,NExTVideo_0052_10041199716,Semantic,10,6,0.0,0.0,0.001982556563744242,0.0033923002217557396,0.01784300907369818,0.5688312786486196,0.0017088163222853793,0.002985937054864385,0.015379346900568414,0.4648513674977967,-0.00027374024145886285,22,0.8379557545683965,0.012491055715764945,3.3788464939029224,0.0005321571454101922,0.49543369430686224,0.8624216160156492,1,5,5.828115686311598,4.239053609472345,0.7829075663120786,0.7829075663120786,4,2,3,3,1,5,4,2,4,2,3,3,4,2,4,2,4,2,3,3,1,5,4,2,3.6435269927978515,0.0014103244178147653,0.4024634208073029,4.318967938843343e-08,0.008352613169699907,1.254731434583664,0.12727536987513305,0.4307918641260252
pixtral_internal_diag_v1_question_mean_new,mistral-community/pixtral-12b,NExTVideo_0053_3701610241,Semantic,10,5,0.1,0.2222222222222222,0.00313110159804755,0.004631509465628847,0.02817991438242795,0.9387209722839688,0.0031019720846951174,0.007660212860829629,0.027917748762256056,0.717845449393623,-2.9129513352432745e-05,1,0.9141792475183746,0.00031173360219521266,3.0154347091576765,0.00048880881075275,0.0061354311913984876,0.15952121097636068,3,2,3.2812400145701126,4.76561058880384,0.02454172476559395,-0.17179207335915767,5,0,5,0,3,2,5,0,5,0,5,0,5,0,5,0,8,3,6,1,8,3,8,3,3.5321150958538055,0.0013425768859433769,0.401870743036601,4.294643662916542e-08,0.006156902527436614,1.1254463009536266,0.10396467568352818,0.4266608490072027
pixtral_internal_diag_v1_question_mean_new,mistral-community/pixtral-12b,NExTVideo_0053_5599511471,Semantic,10,6,0.1,0.2222222222222222,0.002592855698251764,0.0042661141690089055,0.023335701284265875,0.5627148132868065,0.00750875303962527,0.014300650890578637,0.06757877735662743,0.64834532835219,0.0049158973413735065,18,0.8257228238447705,0.007500618521298562,3.1787128485151928,0.0005831368192672369,-0.1834939608543934,0.6666947244376294,0,6,4.578125243545095,2.7296900576473493,0.5994136054576852,0.5994136054576852,2,4,8,2,5,1,6,0,6,0,2,4,1,5,2,4,7,1,5,1,5,1,7,1,3.742897238731384,0.00147288314836336,0.7131798611874091,4.738441816698469e-08,0.008804743364453315,1.237013477087021,0.1199036018922925,0.3819923392836024
pixtral_internal_diag_v1_question_mean_new,mistral-community/pixtral-12b,NExTVideo_0054_2971876369,Compositional,10,4,0.2,0.1111111111111111,0.0077798147891384355,0.015367525151027905,0.07001833310224592,0.5337825136516684,0.00937183642764023,0.02621916617680531,0.08434652784876207,0.6442202750968412,0.0015920216385017947,1,0.9632626970495626,0.00023186906086005956,3.013536201101478,0.0006085500219503962,-0.14111491740216522,0.3926675962495032,5,1,6.6093349026229795,3.3671659796292124,0.07362517429678185,0.07362517429678185,6,2,1,3,1,3,1,3,6,2,6,2,6,2,6,2,5,1,2,2,2,2,5,1,3.3125610780715946,0.0008494377044119778,0.30799864580820413,3.2228621549279524e-08,0.0059520754031836985,1.1540463387966156,0.10776519514620304,0.400798188853396
pixtral_internal_diag_v1_question_mean_new,mistral-community/pixtral-12b,NExTVideo_0054_11276956514,Compositional,10,6,0.8,0.3333333333333333,0.0029938763565625884,0.006290848966739815,0.026944887209063295,0.8318392892065836,0.0021685462561257993,0.005160771942009701,0.019516916305132193,0.8501886852920228,-0.0008253301004367891,16,0.917469804271967,0.008216869288660599,3.4889559628937876,0.0004972763167817584,-0.5137830903923015,0.5260160211159278,4,2,1.2499972956957137,0.8921852191025238,-0.0917469804271967,0.0,8,2,8,2,8,2,8,2,6,0,8,2,8,2,6,0,3,3,3,3,3,3,3,3,3.8447294378280636,0.0012169215935163378,0.12966906567043798,3.531327514849636e-08,0.008253328688442706,1.2618318021297454,0.12393932081758977,0.4498302633271708
pixtral_internal_diag_v1_question_mean_new,mistral-community/pixtral-12b,NExTVideo_0055_3446247254,Semantic,10,5,0.0,0.0,0.0026080894229404037,0.004659925951970401,0.023472804806463632,0.4846990641204805,0.0017683060161665222,0.0038170556797925137,0.0159147541454987,0.4846990641204805,-0.0008397834067738815,3,0.8650957979871867,0.002881997484411795,3.072277115580398,0.0005165241879014163,0.5153762200774729,0.8405540732215928,1,4,0.968761898656826,2.357815948460307,0.26995897242153344,0.26995897242153344,1,4,6,1,3,2,2,3,2,3,5,0,3,2,2,3,4,1,8,3,3,2,4,1,3.4400838196277617,0.0011423850411448858,0.7638611833291117,4.0905776987898435e-08,0.007274508127011359,1.1434103175997734,0.10217009182088077,0.332330993058108
pixtral_internal_diag_v1_question_mean_new,mistral-community/pixtral-12b,NExTVideo_0055_8727084602,Geometric,10,4,0.9,0.1111111111111111,0.006012067003025207,0.009182627714848457,0.054108603027226865,0.7485226053506155,0.008910011748602743,0.031222842808313778,0.08019010573742469,0.8650957979871867,0.002897944745577536,40,0.766928898924811,0.0031908215865697536,3.343306242565023,0.0006871471077381693,0.6503557062882397,0.15952121097636068,9,5,4.156246003118845,2.7718713894493368,0.717845449393623,0.717845449393623,5,1,3,1,1,3,5,1,8,4,3,1,8,4,5,1,5,1,3,1,8,4,5,1,3.6997410118579865,0.0015679033116567191,0.2101385183053982,4.904646289105585e-08,0.00837760791182518,1.162430789321661,0.11695248540490866,0.4078010589648602
pixtral_internal_diag_v1_question_mean_new,mistral-community/pixtral-12b,NExTVideo_0056_3336398510,Semantic,10,3,0.7,0.2222222222222222,0.0033499962319865815,0.00565189399488808,0.030149966087879232,0.9235862696337802,0.002973501768765553,0.005274455400335665,0.026761515918889978,0.5994136054576852,-0.0003764944632210286,3,0.8501886852920228,0.003378975934966191,3.291207898814662,0.0005877997985664783,-0.40980317924147863,0.703393516608508,7,4,1.5937179216594757,1.3062307346176514,0.15902809940714097,0.15902809940714097,5,2,4,1,5,2,5,2,2,1,8,5,4,1,2,1,2,1,2,1,8,5,2,1,3.922778453826904,0.0016282697765688373,0.36943450785351206,4.549480507876069e-08,0.007910042069852352,1.2849527716636657,0.13007863461971284,0.416519302004018
pixtral_internal_diag_v1_question_mean_new,mistral-community/pixtral-12b,NExTVideo_0057_3381752581,Semantic,10,5,0.0,0.0,0.0033986005163503374,0.009272154411161027,0.030587404647153038,0.7055745870108261,0.006333037456163858,0.013064874259507975,0.05699733710547472,0.5399179448430669,0.0029344369398135207,34,0.6810328622452322,0.005026666189800904,2.947121100245939,0.020477323638542995,0.042948018339789416,0.3129069907613229,2,3,3.6250016160825567,3.690626319613039,0.11657319263657127,0.23928181646454103,3,2,3,2,2,3,3,2,3,2,3,2,2,3,3,2,2,3,4,1,2,3,2,3,3.4541340303421024,0.02122752194821813,0.43684270082757237,5.020645858166972e-07,0.00738703147508204,1.1484620958566665,0.11040129810571671,0.4138107757098367
pixtral_internal_diag_v1_question_mean_new,mistral-community/pixtral-12b,NExTVideo_0057_7001078933,Semantic,10,6,0.3,0.1111111111111111,0.004262665417146816,0.01206451834148381,0.03836398875432134,0.8685380813774621,0.01679990971082675,0.07352183306422533,0.15119918739744076,0.64834532835219,0.012537244293679934,10,0.9419356657192195,0.0075823463950547045,3.4514002696156836,0.0006065821890728475,0.214076287663459,0.697277051246695,0,6,7.406247096914292,4.584367618064259,0.7462087741411999,0.7217429126939475,1,5,3,3,1,5,1,5,1,5,1,5,1,5,1,5,2,4,6,0,2,4,2,4,3.66574422121048,0.0012099200532009716,0.6299959322667508,3.522274028000538e-08,0.006451619614381343,1.2408365570008755,0.1231022235006094,0.3796668389232599
pixtral_internal_diag_v1_question_mean_new,mistral-community/pixtral-12b,NExTVideo_0059_2400084970,Geometric,10,6,1.0,0.0,0.0047726998152991034,0.012671568337966232,0.04295429833769193,0.3302891295379082,0.01831409712822412,0.0640116081000871,0.1648268741540171,-0.1773774954925803,0.013541397312925016,20,0.6911605858848819,0.019950715887030592,2.426190125421086,0.0006873702373351165,0.44650197141235737,0.23242568374889835,7,1,1.890621736489063,3.1265581901470023,0.538248951839554,0.47096783285960975,5,1,3,3,5,1,7,1,5,1,6,0,6,0,7,1,6,0,7,1,6,0,6,0,3.1697654008865355,0.0015862334400951255,0.20948893864209914,4.339942405451325e-08,0.00790063024032861,1.103729948401451,0.10251448187045753,0.3255404006911956
pixtral_internal_diag_v1_question_mean_new,mistral-community/pixtral-12b,NExTVideo_0060_5856167780,Semantic,10,5,0.2,0.3333333333333333,0.0018559676721121082,0.0026103195995058615,0.016703709049008975,0.8896375227527807,0.0030283910231590928,0.00633500234067319,0.027255519208431833,0.31904242195272137,0.0011724233510469846,11,0.9632626970495626,0.008841402815886992,3.3474693919978074,0.000618710837536914,-0.754658036542014,0.6380848439054427,0,5,5.406247023347024,3.54062210738489,0.6442202750968412,0.6442202750968412,4,1,8,3,8,3,4,1,8,3,8,3,4,1,4,1,2,3,7,2,1,4,2,3,3.5496625185012816,0.001538822298684988,0.3313132843355183,5.903640829529877e-08,0.010394102800637484,1.177025982737541,0.11258702781051397,0.33128063812432007
pixtral_internal_diag_v1_question_mean_new,mistral-community/pixtral-12b,NExTVideo_0061_3530395394,Semantic,10,4,0.6,0.3333333333333333,0.005456632336308147,0.010390178645843795,0.04910969102677332,0.18406293574195465,0.00966820513060439,0.02984969380664193,0.0870138461754395,-0.12270862382796978,0.004211572794296243,1,0.6258139815226458,0.0004673971549765553,2.981556632097043,0.0005944494239102679,-0.12270862382796978,0.4908344953118791,8,4,0.4218771660668139,1.3624976256389314,0.030677155956992445,0.030677155956992445,2,2,6,2,2,2,2,2,2,2,8,4,2,2,2,2,1,3,1,3,1,3,1,3,3.3905690133571627,0.001166435047537526,0.559858096215112,6.286123888088468e-08,0.007178661646321416,1.1265596114099026,0.10153940925374627,0.3094879731397485
pixtral_internal_diag_v1_question_mean_new,mistral-community/pixtral-12b,NExTVideo_0000_5650793185,Semantic,10,4,1.0,0.0,0.005471136021854759,0.009302514227864989,0.04924022419669283,0.42334475220649564,0.00796582764672096,0.015441168852625031,0.07169244882048864,0.2945006971871274,0.0024946916248662007,18,0.3988030274409017,0.011624054693282574,3.2407835283020083,0.0007710692876855552,0.3988030274409017,0.6074076879484503,9,5,1.3125014683571408,1.1843775745800904,0.251552678847338,0.15952121097636068,5,1,6,2,5,1,5,1,1,3,6,2,6,2,5,1,2,2,2,2,2,2,2,2,3.661261854171753,0.0020051006415280352,0.31658824947616193,5.4023802498193166e-08,0.008119689021259546,1.2281498461961746,0.12433846537023782,0.33603294942389156
pixtral_internal_diag_v1_question_mean_new,mistral-community/pixtral-12b,NExTVideo_0002_10192494165,Geometric,10,4,1.0,0.0,0.00400673546602089,0.006225222074952574,0.036060619194188015,0.742387174159217,0.005206237687093496,0.013002033881820418,0.04685613918384146,0.717845449393623,0.0011995022210726054,24,0.7607934677334125,0.010377211307685937,3.448711109627246,0.0007336530257707999,-0.14111491740216522,0.6994391558194275,4,0,0.18750461872492252,1.4203130980817171,0.3129069907613229,0.3129069907613229,5,1,2,2,6,2,5,1,5,1,2,2,8,4,5,1,8,4,8,4,6,2,8,4,3.8185804986953733,0.001407871080811798,0.6344035851906036,4.9312601291262584e-08,0.009463322628289462,1.282400593161583,0.12005445379763842,0.45325826167971306
pixtral_internal_diag_v1_question_mean_new,mistral-community/pixtral-12b,NExTVideo_0003_5251212639,Geometric,10,4,0.0,0.0,0.002307977385231018,0.003771630958206762,0.020771796467079162,0.41107388982369863,0.0015549041785354817,0.0020281823355924322,0.013994137606819335,0.4724282017376836,-0.0007530732066955365,16,0.8160123484559988,0.004916748174149382,3.2147448004824426,0.0004739676312116334,-0.3926675962495032,0.10430233025377429,0,4,2.031248907207008,2.3343735854877763,0.5644596696086609,0.5644596696086609,1,3,8,4,8,4,8,4,1,3,1,3,3,1,1,3,8,4,6,2,8,4,8,4,3.8218838357925415,0.0012412671375915051,0.4221176659682159,3.664196910335704e-08,0.007701212260872126,1.2792126327753066,0.12845320478081704,0.4345660113592208
pixtral_internal_diag_v1_question_mean_new,mistral-community/pixtral-12b,NExTVideo_0004_9525696229,Geometric,10,4,0.6,0.3333333333333333,0.004050991701060614,0.01566920131905214,0.03645892530954553,0.6810328622452322,0.005283395016968099,0.03569751156812628,0.04755055515271289,0.6319494127140443,0.001232403315907485,10,0.717845449393623,0.0072837924390756325,3.2281606513065952,0.0006475632535121302,-0.11043776144517278,0.31904242195272137,6,2,0.5312564503971018,1.4874975338421468,0.8466895044129913,0.8466895044129913,6,2,5,1,1,3,6,2,6,2,5,1,1,3,1,3,1,3,1,3,1,3,1,3,3.593387079238891,0.003372994943270727,0.24050890270282074,8.698321707356627e-08,0.009646908100694417,1.1907089620828628,0.1233112707734108,0.49346121255230335
pixtral_internal_diag_v1_question_mean_new,mistral-community/pixtral-12b,NExTVideo_0004_11566980553,Geometric,10,4,1.0,0.0,0.01881582434585596,0.03584039719509291,0.16934241911270365,0.41107388982369863,0.03534679198779051,0.07690696906921779,0.3181211278901146,0.3619904402925108,0.01653096764193455,22,0.7730643301162096,0.012509916253320133,2.7286276254686888,0.0006889816433539093,-0.18406293574195465,0.6258139815226458,6,2,4.218747394062078,3.324997478750409,0.5153762200774729,0.44175104578069113,8,4,6,2,6,2,8,4,1,3,6,2,6,2,1,3,6,2,1,3,6,2,6,2,3.2271941184997557,0.0013318428815778907,0.6902360090323298,4.899396133239975e-08,0.006784970231819898,1.1462522111833096,0.10649649472907186,0.30118110050709734
pixtral_internal_diag_v1_question_mean_new,mistral-community/pixtral-12b,NExTVideo_0005_3250020598,Semantic,10,4,0.6,0.5555555555555556,0.009970657434108385,0.02811624246194322,0.08973591690697547,0.7976060548818034,0.022482670387211696,0.06531196947197626,0.20234403348490526,0.6687619998624351,0.012512012953103311,1,0.8650957979871867,0.00031561190430497003,3.349219540749902,0.0008911360935035281,-0.09203146787097732,0.1533857797849622,5,1,4.999997336050058,3.707807637660255,-0.31904242195272137,-0.20860466050754858,4,0,8,4,8,4,4,0,4,0,8,4,8,4,8,4,8,4,8,4,8,4,8,4,3.5596864938735964,0.0017246389387925037,0.22087552289034557,4.943205649254878e-08,0.00832570819184184,1.1713853359222413,0.114667216129601,0.26938792126043404
pixtral_internal_diag_v1_question_mean_new,mistral-community/pixtral-12b,NExTVideo_0006_2478396375,Geometric,10,4,0.5,0.2222222222222222,0.0098776682916909,0.012497781932790164,0.0888990146252181,0.47856363292908205,0.01172171258109019,0.021489029594647602,0.10549541322981171,-0.036812587148390925,0.0018440442893992905,33,0.7485226053506155,0.019979292862125977,2.718418569552329,0.0007990550670742774,-0.19019836693335312,0.3374487155269168,5,1,4.046871050954124,3.089054910356188,-0.22087552289034557,0.018406293574195463,3,1,8,4,5,1,3,1,3,1,8,4,3,1,3,1,3,1,3,1,5,1,3,1,3.1444989085197452,0.0014879796460812074,0.3512534357075634,5.3968661095638026e-08,0.006958080048207194,1.1133774109184742,0.09824474691413343,0.21474773290583338
pixtral_internal_diag_v1_question_mean_new,mistral-community/pixtral-12b,NExTVideo_0008_2744507539,Semantic,10,4,0.5,0.4444444444444444,0.005659932016800064,0.01710372125914872,0.05093938815120058,0.8650957979871867,0.004506432132955207,0.00958628342929857,0.040557889196596864,0.8160123484559988,-0.0011534998838448572,18,0.9387209722839688,0.009772323254717096,3.3090449987743797,0.0008939035253357794,0.0981668990623758,0.717845449393623,9,5,0.3749942344392778,2.093744451125445,0.7301163117764201,0.6380848439054427,8,4,8,4,8,4,8,4,2,2,2,2,8,4,2,2,7,3,6,2,8,4,7,3,3.9678565692901606,0.004081700448241755,0.44175104578069113,9.125460493919491e-08,0.011294212285429239,1.257271048426628,0.14212783426046371,0.38960338011424983
pixtral_internal_diag_v1_question_mean_new,mistral-community/pixtral-12b,NExTVideo_0008_6320611157,Semantic,10,4,0.6,0.7777777777777778,0.008577913510255596,0.02101415270162188,0.07720122159230036,0.26382354123013496,0.010304624136101694,0.02769928167204594,0.09274161722491525,0.46015733935488656,0.0017267106258460983,19,0.3558550091011123,0.021772103800254836,3.0182916776788953,0.0006724042489055041,-0.030677155956992445,0.2945006971871274,7,3,5.578099125123888,4.517171878518682,0.22087552289034557,0.11657319263657127,5,1,5,1,5,1,5,1,7,3,5,1,5,1,7,3,4,0,4,0,5,1,4,0,3.362151765823364,0.0012489454786208886,0.23928181646454103,4.587871238470598e-08,0.0077772711403667925,1.1580011546611786,0.10765476040542125,0.33547279754137593
pixtral_internal_diag_v1_question_mean_new,mistral-community/pixtral-12b,NExTVideo_0015_4609514164,Semantic,10,4,0.6,0.3333333333333333,0.0032748987968789344,0.00582086258520198,0.02947408917191041,0.8466895044129913,0.0036619326325602547,0.007053903367312597,0.03295739369304229,0.766928898924811,0.0003870338356813203,3,0.5583242384172624,0.00761462838843484,2.890312845548978,0.000575285013783147,-0.6442202750968412,0.24541724765593956,1,3,0.6874979046462322,1.9359324862240896,0.37426130267530777,0.37426130267530777,2,2,2,2,1,3,2,2,2,2,2,2,2,2,2,2,3,1,7,3,6,2,3,1,3.519400787353516,0.001837466971500538,0.4509541925677889,5.788620605073902e-08,0.008916484308429062,1.170615740120411,0.10836868942715228,0.2638132227740753
pixtral_internal_diag_v1_question_mean_new,mistral-community/pixtral-12b,NExTVideo_0020_2454242177,Semantic,10,4,0.3,0.3333333333333333,0.0073168415613965344,0.013701302673198357,0.0658515740525688,0.7485226053506155,0.00733409837042081,0.013068529768666681,0.06600688533378729,0.46015733935488656,1.725680902427574e-05,14,0.6503557062882397,0.025952596013450333,3.1070638780309805,0.0006612375563619007,-0.9448564034753671,0.576730531991458,6,2,2.406224296216209,4.885927014213141,-0.22087552289034557,-0.22087552289034557,3,1,8,4,6,2,3,1,8,4,4,0,4,0,3,1,8,4,8,4,8,4,8,4,3.566281682252884,0.001257298666122493,0.3052377017720748,4.3350824707744096e-08,0.007127098389901221,1.1881704479455948,0.11482549668289721,0.29508859756177075
pixtral_internal_diag_v1_question_mean_new,mistral-community/pixtral-12b,NExTVideo_0020_9209893989,Geometric,10,4,0.0,0.0,0.0059520265546914525,0.01584721763420638,0.05356823899222307,0.717845449393623,0.011736588502592146,0.04959696334249952,0.10562929652332931,0.6994391558194275,0.005784561947900693,1,0.8773666603699838,0.0002733395321190916,3.0032213977941917,0.0005596410874123424,0.06748974310538336,0.5705951008000594,5,1,1.921860360924807,1.9953016514319633,0.44175104578069113,0.37426130267530777,6,2,3,1,6,2,6,2,6,2,3,1,6,2,6,2,2,2,2,2,1,3,2,2,3.5412754392623897,0.0014461140334053966,0.4883803228353196,4.1596192801307553e-08,0.0068964030593633655,1.1769082695245743,0.10918628200888633,0.34779734102969107
pixtral_internal_diag_v1_question_mean_new,mistral-community/pixtral-12b,NExTVideo_0028_3085751774,Semantic,10,4,0.3,0.1111111111111111,0.004022430776805332,0.007582269249379103,0.036201876991247994,0.05521888072258639,0.011713717810174742,0.02038995349211048,0.10542346029157268,-0.23928181646454103,0.0076912870333694094,17,0.8589603667957882,0.01119670963887921,3.254248573367755,0.000785539546519424,0.3865321650581048,0.5951368255656533,4,0,1.7499995180567325,5.004683401343725,0.3006361283785259,0.3006361283785259,3,1,7,3,1,3,3,1,2,2,4,0,1,3,2,2,7,3,7,3,7,3,7,3,3.601515169143677,0.002270968637767094,0.35708209533939195,6.328450758985582e-08,0.010799555387347937,1.1695955276489258,0.11192776486277581,0.3782572358666152
pixtral_internal_diag_v1_question_mean_new,mistral-community/pixtral-12b,NExTVideo_0031_4006742735,Geometric,10,4,0.1,0.1111111111111111,0.0037597909756477512,0.008231953825517335,0.03383811878082976,0.9141792475183746,0.004794691563898914,0.011199461533154542,0.04315222407509023,0.9141792475183746,0.0010349005882511627,3,0.8528249356043897,0.0022375919521342683,3.439915648174819,0.0005997509651765906,-0.3313132843355183,0.6442202750968412,5,1,0.9686856606514667,2.3390229779260436,0.6564911374796382,0.6810328622452322,7,3,7,3,8,4,7,3,7,3,7,3,8,4,7,3,7,3,7,3,8,4,7,3,3.832400026321411,0.0018209037396161296,0.5779576182297375,6.32891854479567e-08,0.007725544553250074,1.2452947914600372,0.12650252170860768,0.429813780813695
pixtral_internal_diag_v1_question_mean_new,mistral-community/pixtral-12b,NExTVideo_0031_4805511103,Semantic,10,4,1.0,0.0,0.004254409919560424,0.009592801816542873,0.038289689276043815,0.3988030274409017,0.016786627653841743,0.05954594140718794,0.1510796488845757,0.20860466050754858,0.012532217734281318,1,0.41720932101509717,0.0001405862610645878,3.005606964920363,0.0009403674081531878,-0.18406293574195465,0.5215116512688716,4,0,1.5156119764049478,3.2656046610542773,0.08589603667957883,0.08589603667957883,7,3,4,0,4,0,7,3,7,3,6,2,7,3,7,3,8,4,6,2,8,4,8,4,3.4614424610137937,0.0013863330135937238,0.41720932101509717,4.468453482786572e-08,0.007794812694191933,1.1945560902357102,0.10972655937075615,0.4776513464856736
pixtral_internal_diag_v1_question_mean_new,mistral-community/pixtral-12b,NExTVideo_0031_5516830700,Semantic,10,4,0.6,0.1111111111111111,0.0038229066529644135,0.008559606248364493,0.03440615987667972,0.803741486073202,0.007115915658782791,0.017861622184034642,0.06404324092904512,0.7055745870108261,0.0032930090058183774,17,0.9019083851355777,0.009988226529383495,2.994788461765414,0.0007610929070150806,-0.09203146787097732,0.742387174159217,6,2,2.9374771153999113,4.914044517863081,0.5828659631828563,0.41720932101509717,6,2,5,1,5,1,6,2,6,2,5,1,6,2,6,2,4,0,4,0,8,4,4,0,3.391057294607162,0.0018045746544464232,0.7239808805850214,5.47862386568454e-08,0.00842760328669101,1.1485140807926655,0.10903470613993704,0.3286691042877896
pixtral_internal_diag_v1_question_mean_new,mistral-community/pixtral-12b,NExTVideo_0033_2834146886,Geometric,10,4,0.0,0.0,0.010644544385318403,0.024731998229318708,0.09580089946786563,0.47856363292908205,0.030161783825231714,0.13466073429973335,0.2714560544270854,0.4356156145892926,0.019517239439913313,20,0.6135431191398488,0.03869919045059216,3.5989589088759986,0.001325741182836287,-0.12270862382796978,0.6196785503312472,6,2,0.8437516207500053,1.1437505585282168,0.8896375227527807,0.9141792475183746,2,2,6,2,2,2,2,2,2,2,2,2,2,2,2,2,5,1,6,2,6,2,5,1,3.979890336990356,0.0026505439064026417,0.4331614421127332,7.86334460656235e-08,0.009621614031493664,1.2540379375219346,0.12598335333168506,0.4331175388786601
pixtral_internal_diag_v1_question_mean_new,mistral-community/pixtral-12b,NExTVideo_0033_3105754589,Semantic,10,4,0.0,0.0,0.011355292038088839,0.02163959076143518,0.10219762834279955,0.4356156145892926,0.01787855984855364,0.053733257839931436,0.16090703863698275,0.251552678847338,0.0065232678104648004,1,0.6012722567570518,0.00036120779285661906,3.290137167779214,0.0007498859405836105,0.06748974310538336,0.27609440361293197,6,2,6.421869461817025,4.1656210198657835,0.0061354311913984876,0.0061354311913984876,7,3,3,1,6,2,7,3,7,3,3,1,3,1,3,1,6,2,6,2,6,2,6,2,3.6535016822814947,0.0016228137449359604,0.32763202562067917,5.207158011444335e-08,0.007820410840213298,1.2299294590950012,0.11728427074849605,0.47188902211380535
pixtral_internal_diag_v1_question_mean_new,mistral-community/pixtral-12b,NExTVideo_0034_5296671076,Semantic,10,4,0.4,0.1111111111111111,0.006088020850471689,0.017884397191163637,0.054792187654245206,0.6626265686710366,0.016810423710279063,0.06378128900151081,0.15129381339251158,0.6380848439054427,0.010722402859807374,12,0.7362517429678186,0.020401130878665536,3.1167063824096894,0.0008338590131172527,0.0981668990623758,0.8221477796473973,3,1,2.1249980391992978,3.6015527535750493,0.5092407888860745,0.22087552289034557,6,2,8,4,6,2,6,2,6,2,7,3,6,2,6,2,8,4,1,3,6,2,8,4,3.5907252371311182,0.0019054669298366714,0.7715304723183598,6.837820754057589e-08,0.009313198504969478,1.2086590752005577,0.12157768802717328,0.36232245017566295
pixtral_internal_diag_v1_question_mean_new,mistral-community/pixtral-12b,NExTVideo_0039_5351925965,Semantic,10,4,0.1,0.2222222222222222,0.0018957819008733983,0.004586722650878561,0.017062037107860584,0.32517785314411984,0.0012478339227146708,0.0022065012739536094,0.011230505304432037,0.32517785314411984,-0.0006479479781587275,1,0.23928181646454103,0.0002508896177593324,3.237853055402155,0.0004582046830653441,-0.22087552289034557,0.8466895044129913,5,1,2.5937489825806743,1.8734354798519963,0.0,0.0,3,1,7,3,4,0,2,2,2,2,7,3,1,3,7,3,6,2,6,2,1,3,6,2,3.7549721574783326,0.0010980802596257469,0.4945157540267181,4.072030250767966e-08,0.006672474835067987,1.2384151637554168,0.1150162996724248,0.33382189804565154
